brand,en_name,kor_name,product_num,model,release,color,price,re_price,wish,review,link
Nike,Nike Dunk Low Retro Black,나이키 덩크 로우 레트로 블랙,28029,DD1391-100,21/01/14,WHITE/BLACK,"129,000원","220,000",8.2만,"9,787",https://kream.co.kr/products/28029
Nike,Nike Dunk Low Retro Wolf Grey,나이키 덩크 로우 레트로 울프 그레이,50694,DJ6188-001,22/02/05,PURE PLATINUM/WHITE/WOLF GREY,"129,000원","180,000",3.4만,508,https://kream.co.kr/products/50694
Nike,Nike x Sacai Blazer Low White Patent Leather,나이키 x 사카이 블레이저 로우 화이트 페이턴트 레더,54951,DM6443-100,22/03/31,WHITE/GREY,"139,000원","148,000","5,875",129,https://kream.co.kr/products/54951
Jordan,Jordan 1 Mid Light Smoke Grey Anthracite,조던 1 미드 라이트 스모크 그레이 앤트러사이트,47257,554724-078,22/01/24,LIGHT SMOKE GREY/WHITE-ANTHRACITE,"€120 (약 161,700원)","237,000",2.9만,426,https://kream.co.kr/products/47257
Nike,Nike Air Force 1 '07 Low White,나이키 에어포스 1 '07 로우 화이트,12831,315122-111/CW2288-111,-,WHITE/WHITE,"129,000원","125,000",6.1만,"3,327",https://kream.co.kr/products/12831
Nike,(W) Nike Air Force 1 '07 Low White,(W) 나이키 에어포스 1 '07 로우 화이트,13100,315115-112/DD8959-100,-,WHITE/WHITE,"129,000원","138,000",3.8만,673,https://kream.co.kr/products/13100
Nike,Nike Dunk Low Retro PRM Halloween,나이키 덩크 로우 레트로 프리미엄 할로윈,43374,DD3357-100,22/01/18,SAIL/STARFISH-BLACK,"129,000원","250,000",2.4만,943,https://kream.co.kr/products/43374
Nike,Nike x Supreme Air Force 1 Low White,나이키 x 슈프림 에어포스 1 로우 화이트,23632,CU9225-100,20/03/05,WHITE/WHITE-WHITE,"$96 (약 117,000원)","214,000",3.4만,"1,029",https://kream.co.kr/products/23632
Nike,Nike x NBA Dunk Low Retro EMB Black and Chile Red,나이키 x NBA 덩크 로우 레트로 EMB 블랙 앤 칠리 레드,42390,DD3363-100,22/03/23,SAIL/BLACK-BLACK-CHILE RED,"119,000원","183,000",1.6만,580,https://kream.co.kr/products/42390
Nike,Nike x Peaceminusone Kwondo1 White,나이키 x 피스마이너스원 퀀도1 화이트,45030,DH2482-100,21/12/03,WHITE/WHITE-WHITE,"219,000원","250,000",2.4만,"2,010",https://kream.co.kr/products/45030
Nike,(W) Nike Dunk Low Black,(W) 나이키 덩크 로우 블랙,28030,DD1503-101,21/01/04,WHITE/BLACK,"129,000원","239,000",4.9만,"3,673",https://kream.co.kr/products/28030
Nike,Nike Dunk Low Retro PRM Fossil Rose,나이키 덩크 로우 레트로 프리미엄 파슬 로즈,52868,DH7577-001,22/03/30,PHANTOM/FOSSIL ROSE/AURA/SUMMIT WHITE,"139,000원","178,000","2,001",39,https://kream.co.kr/products/52868
adidas Yeezy,Adidas Yeezy Boost 350 V2 Bone,아디다스 이지 부스트 350 V2 본,54743,HQ6316,22/03/21,BONE/BONE/BONE,"319,000원","335,000","3,821",89,https://kream.co.kr/products/54743
Nike,(W) Nike Dunk Low Essential Black Paisley,(W) 나이키 덩크 로우 에센셜 블랙 페이즐리,47876,DH4401-100,21/12/29,BLACK,"129,000원","211,000","9,015",135,https://kream.co.kr/products/47876
New Balance,New Balance 992 Made in USA Grey - D Standard,뉴발란스 992 메이드 인 USA 그레이 - D 스탠다드,23523,M992GR,20/04/13,GREY,"259,000원","384,000",3.6만,"2,208",https://kream.co.kr/products/23523
Jordan,Jordan 1 Mid Dark Teal,조던 1 미드 다크 틸,42320,554724-411,21/10/04,DARK TEAL/BLACK-WHITE,"139,000원","171,000",1.1만,183,https://kream.co.kr/products/42320
Jordan,Jordan 1 Retro High OG Patent Bred,조던 1 레트로 하이 OG 페이턴트 브레드,45326,555088-063,21/12/23,BLACK/VARSITY RED-WHITE,"199,000원","237,000",1만,"1,284",https://kream.co.kr/products/45326
adidas Yeezy,Adidas Yeezy Boost 700 V2 Static 2022,아디다스 이지 부스트 700 V2 스태틱 2022,53201,EF2829,22/03/05,STATIC/STATIC/STATIC,"419,000원","419,000","4,191",145,https://kream.co.kr/products/53201
Nike,Nike Air Force 1 '07 LV8 Athletic Club Light Smoke Grey Marina,나이키 에어포스 1 '07 LV8 애슬레틱 클럽 라이트 스모크 그레이 마리나,50233,DH7568-001,21/12/18,LIGHT SMOKE GREY/MARINA/WHITE/LIGHT SMOKE GREY,"$110 (약 134,100원)","219,000",1.1만,90,https://kream.co.kr/products/50233
New Balance,New Balance 993 Made in USA Grey - D Standard,뉴발란스 993 메이드 인 USA 그레이 - D 스탠다드,23852,MR993GL,18/08/21,GREY/WHITE,"$155 (약 189,000원)","267,000",2.1만,"1,062",https://kream.co.kr/products/23852
Nike,Nike x Sacai VaporWaffle White and Gum,나이키 x 사카이 베이퍼와플 화이트 앤 검,40775,DD1875-100,22/03/10,WHITE/SAIL-SAIL,"219,000원","550,000","6,408",210,https://kream.co.kr/products/40775
Jordan,Jordan 1 Low Golf Wolf Grey,조던 1 로우 골프 울프 그레이,48705,DD9315-002,22/01/14,WOLF GREY/BLACK-PHOTON DUST-WHITE,"179,000원","320,000",1.7만,361,https://kream.co.kr/products/48705
Nike,Nike Dunk Low Retro Championship Court Purple,나이키 덩크 로우 레트로 챔피언쉽 코트 퍼플,47887,DD1391-104,22/02/11,WHITE/COURT PURPLE,"129,000원","185,000",1.7만,676,https://kream.co.kr/products/47887
Nike,Nike Dunk Low Retro PRM Vast Grey,나이키 덩크 로우 레트로 프리미엄 바스트 그레이,45817,DD8338-001,21/11/29,VAST GREY/SUMMIT WHITE-PEARL WHITE,"129,000원","163,000","1,462",48,https://kream.co.kr/products/45817
adidas Yeezy,Adidas Yeezy Boost 700 Wave Runner Solid Grey 2021/2022,아디다스 이지 부스트 700 웨이브 러너 솔리드 그레이 2021/2022,54830,B75571,22/03/22,MGH SOLID GREY/CHALK WHITE/CORE BLACK,"419,000원","453,000","2,487",76,https://kream.co.kr/products/54830
Nike,(W) Nike Dunk Low Vintage Midnight Navy,(W) 나이키 덩크 로우 빈티지 미드나잇 네이비,47184,DD1503-115,21/12/18,MIDNIGHT NAVY/WHITE,"129,000원","338,000",2만,207,https://kream.co.kr/products/47184
Jordan,(W) Jordan 1 Elevate Low SE White and Wolf Grey,(W) 조던 1 엘리베이트 로우 SE 화이트 앤 울프 그레이,52006,DH7004-100,22/02/25,WHITE/WOLF GREY,"159,000원","206,000",1.6만,122,https://kream.co.kr/products/52006
Nike,Nike x Sacai Blazer Low Black Patent Leather,나이키 x 사카이 블레이저 로우 블랙 페이턴트 레더,54952,DM6443-001,22/03/31,BLACK/WHITE,"139,000원","136,000","2,203",96,https://kream.co.kr/products/54952
Jordan,(W) Jordan 1 Mid Wolf Grey,(W) 조던 1 미드 울프 그레이,37241,BQ6472-105,21/06/30,WHITE/ALUMINUM-WOLF GREY,"139,000원","309,000",4.8만,737,https://kream.co.kr/products/37241
Jordan,(W) Jordan 1 Mid Grey Fog,(W) 조던 1 미드 그레이 포그,41534,BQ6472-015,21/11/03,GREY FOG/BLACK-WHITE,"139,000원","266,000",4.2만,829,https://kream.co.kr/products/41534
Jordan,(W) Jordan 1 Low Black University Blue,(W) 조던 1 로우 블랙 유니버시티 블루,46732,DC0774-041,21/12/11,BLACK/UNIVERSITY BLUE-WHITE,"129,000원","219,000",2.6만,249,https://kream.co.kr/products/46732
Jordan,Jordan 1 x Travis Scott x Fragment Retro Low OG SP Military Blue,조던 1 x 트래비스 스캇 x 프라그먼트 레트로 로우 OG SP 밀리터리 블루,38367,DM7866-140,21/08/13,SAIL/BLACK/MILITARY BLUE,"189,000원","1,700,000",2.1만,"4,471",https://kream.co.kr/products/38367
New Balance,New Balance 530 Steel Grey,뉴발란스 530 스틸 그레이,28260,MR530KA,21/01/08,STEEL GREY,"99,000원","106,000",2만,425,https://kream.co.kr/products/28260
Nike,Nike x Sacai VaporWaffle Black and Gum,나이키 x 사카이 베이퍼와플 블랙 앤 검,41020,DD1875-001,22/03/10,BLACK/OFF-NOIR-OFF-NOIR,"219,000원","437,000","4,145",241,https://kream.co.kr/products/41020
Nike,(GS) Nike Dunk Low Black,(GS) 나이키 덩크 로우 블랙,28229,CW1590-100,21/01/04,WHITE/BLACK,"109,000원","250,000",2.2만,"1,287",https://kream.co.kr/products/28229
Sony,Sony Playstation 5 Blu-ray Edition (SIEK 220V),소니 플레이스테이션 5 블루레이 에디션 (국내 정식 발매 제품),32975,-,20/11/12,WHITE,"628,000원","710,000","2,270",57,https://kream.co.kr/products/32975
Jordan,Jordan 1 Element Gore-Tex Light Curry,조던 1 엘리먼트 고어텍스 라이트 커리,54049,DB2889-700,22/03/18,LIGHT CURRY/CARDINAL RED-SAIL-BLACK,"239,000원","241,000","3,128",82,https://kream.co.kr/products/54049
Nike,(W) Nike Dunk Low Venice,(W) 나이키 덩크 로우 베니스,47877,DD1503-116,22/01/03,WHITE/VENICE,"129,000원","229,000",1.6만,174,https://kream.co.kr/products/47877
Jordan,Jordan 1 Low OG Starfish,조던 1 로우 OG 스타피쉬,39518,CZ0790-801,21/08/30,STARFISH/WHITE/BLACK,"159,000원","350,000",1.9만,"1,641",https://kream.co.kr/products/39518
Sony,Sony Playstation 5 Digital Edition (SIEK 220V),소니 플레이스테이션 5 디지털 에디션 (국내 정식 발매 제품),32974,-,20/11/12,WHITE,"498,000원","599,000",877,17,https://kream.co.kr/products/32974
Jordan,(W) Jordan 1 Mid SE Light Mulberry,(W) 조던 1 미드 SE 라이트 멀베리,49769,DC7267-500,22/01/20,LIGHT MULBERRY/BLACK,"159,000원","210,000",1.3만,171,https://kream.co.kr/products/49769
Nike,(GS) Nike Dunk Low PRM Halloween,(GS) 나이키 덩크 로우 프리미엄 할로윈,43774,DO3806-100,22/01/18,SAIL/STARFISH-BLACK,"109,000원","230,000","7,163",138,https://kream.co.kr/products/43774
Nike,Nike Air Force 1 '07 LV8 Athletic Club Black Dark Sulfur,나이키 에어포스 1 '07 LV8 애슬레틱 클럽 블랙 다크 설퍼,49016,DH7568-002,22/01/11,BLACK/DARK SULFUR-WHITE-BLACK,"139,000원","156,000",2.5만,353,https://kream.co.kr/products/49016
Jordan,(W) Jordan 1 Low White Dark Marina Blue,(W) 조던 1 로우 화이트 다크 마리나 블루,55067,DC0774-114,22/03/20,WHITE/DARK MARINA BLUE/WHITE,"129,000원","195,000","6,717",93,https://kream.co.kr/products/55067
adidas Yeezy,Adidas Yeezy Boost 350 V2 Dazzling Blue,아디다스 이지 부스트 350 V2 다즐링 블루,52008,GY7164,22/02/26,CORE BLACK/DAZZLING BLUE/CORE BLACK,"319,000원","320,000","4,812",147,https://kream.co.kr/products/52008
Nike,Nike x Sacai x Fragment LDWaffle Light Smoke Grey,나이키 x 사카이 x 프라그먼트 LD와플 라이트 스모크 그레이,39449,DH2684-001,21/08/24,LT SMOKE GREY/WHITE-BLACK,"209,000원","549,000",1.7만,952,https://kream.co.kr/products/39449
adidas Yeezy,Adidas Yeezy Boost 350 V2 Blue Tint,아디다스 이지 부스트 350 V2 블루 틴트,12491,B37571,17/12/17,BLUE TINT/GREY THREE/HIGH RISK RED,"299,000원","325,000","7,871",379,https://kream.co.kr/products/12491
adidas Yeezy,Adidas Yeezy Boost 350 V2 Core Black White 2022,아디다스 이지 부스트 350 V2 코어 블랙 화이트 2022,53683,BY1604,22/03/12,CORE BLACK/CORE WHITE/CORE BLACK,"319,000원","359,000","3,738",98,https://kream.co.kr/products/53683
Jordan,(W) Jordan 1 Low White Wolf Grey,(W) 조던 1 로우 화이트 울프 그레이,36237,DC0774-105,21/07/17,WHITE/WOLF GREY/ALUMINUM,"119,000원","395,000",5.7만,903,https://kream.co.kr/products/36237
New Balance,New Balance 992 Made in USA Navy,뉴발란스 992 메이드 인 USA 네이비,26011,M992GG,20/07/11,NAVY/GREY,"259,000원","298,000","6,917",289,https://kream.co.kr/products/26011
Jordan,(W) Jordan 1 Retro High OG Lucky Green,(W) 조던 1 레트로 하이 OG 럭키 그린,25833,DB4612-300,20/10/15,LUCKY GREEN/WHITE-SAIL-BLACK,"199,000원","322,000",1.7만,"1,185",https://kream.co.kr/products/25833
Nike,(GS) Nike Air Force 1 LE White,(GS) 나이키 에어포스 1 LE 화이트,31419,DH2920-111,21/03/16,WHITE/WHITE,"109,000원","109,000",1.3만,80,https://kream.co.kr/products/31419
Jordan,Jordan 1 High 85 College Navy,조던 1 하이 85 컬리지 네이비,51017,BQ4422-400,22/02/16,COLLEGE NAVY/SUMMIT WHITE-TECH GREY,"229,000원","343,000",1.2만,188,https://kream.co.kr/products/51017
Autry,(W) Autry Medalist Low Leather Sneakers White,(W) 오트리 메달리스트 로우 레더 스니커즈 화이트,48208,AULW-LL15,-,WHITE/WHITE,"$186 (약 226,800원)","268,000","6,538",51,https://kream.co.kr/products/48208
Jordan,Jordan 1 Retro High OG Black Mocha,조던 1 레트로 하이 OG 블랙 모카,25922,555088-105,20/11/13,SAIL/DARK MOCHA-BLACK-BLACK,"199,000원","620,000",2.4만,"5,336",https://kream.co.kr/products/25922
Jordan,Jordan 1 Low Golf White and University Blue,조던 1 로우 골프 화이트 앤 유니버시티 블루,52779,DD9315-100,22/03/04,WHITE/UNIVERSITY BLUE,"179,000원","292,000","5,253",123,https://kream.co.kr/products/52779
Jordan,(W) Jordan 1 Low OG Starfish,(W) 조던 1 로우 OG 스타피쉬,39519,CZ0775-801,21/08/30,STARFISH/WHITE/BLACK,"159,000원","312,000",1.4만,712,https://kream.co.kr/products/39519
Nike,Nike x Peaceminusone Air Force 1 Low Para-Noise 2.0,나이키 x 피스마이너스원 에어포스 1 로우 파라노이즈 2.0,25620,DD3223-100,20/11/25,WHITE/BLACK-WHITE,"219,000원","540,000",2.4만,"5,427",https://kream.co.kr/products/25620
Jordan,Jordan 1 x Travis Scott Retro High OG SP Mocha,조던 1 x 트래비스 스캇 레트로 하이 OG SP 모카,20501,CD4487-100,19/05/12,SAIL/BLACK-DARK MOCHA-UNIVERSITY RED,"239,000원","2,220,000",1.1만,"3,786",https://kream.co.kr/products/20501
adidas Yeezy,Adidas Yeezy Boost 350 V2 Beluga - Reflective,아디다스 이지 부스트 350 V2 벨루가 - 리플렉티브,46666,GW1229,21/12/18,BELUGA RF/STEEPLE GREY/SOLAR RED,"329,000원","336,000","7,421",542,https://kream.co.kr/products/46666
Nike,Nike Dunk Low Retro Grey Fog,나이키 덩크 로우 레트로 그레이 포그,41193,DD1391-103,21/09/21,WHITE/GREY FOG,"$100 (약 121,900원)","352,000",2.5만,152,https://kream.co.kr/products/41193
Autry,(W) Autry Medalist Low Goatskin Sneakers White,(W) 오트리 메달리스트 로우 고트스킨 스니커즈 화이트,48530,AULW-GG04,-,WHITE,"€156 (약 210,200원)","334,000","1,599",13,https://kream.co.kr/products/48530
New Balance,New Balance 2002R T2 Gray,뉴발란스 2002R T2 그레이,29249,ML2002R0,21/02/08,GRAY,"149,000원","125,000","5,861",113,https://kream.co.kr/products/29249
Stone Island,Stone Island 114WN T.CO+OLD Overshirt Black - 22SS,스톤 아일랜드 114WN 올드이펙트 오버셔츠 블랙 - 22SS,46196,7615114WN-V0129,-,BLACK,-,"549,000","1,878",35,https://kream.co.kr/products/46196
New Balance,(W) New Balance 327 White Moonbeam,(W) 뉴발란스 327 화이트 문빔,24677,WS327SFD,20/08/08,MUNSELL WHITE/MOONBEAM,"109,000원","188,000",1.3만,397,https://kream.co.kr/products/24677
Jordan,Jordan 1 Low Golf Chicago,조던 1 로우 골프 시카고,48708,DD9315-600,22/01/14,VARSITY RED/BLACK-WHITE,"179,000원","350,000","7,897",308,https://kream.co.kr/products/48708
Nike,Nike x Sacai x Clot LDWaffle Cool Grey,나이키 x 사카이 x 클랏 LD와플 쿨 그레이,42255,DH3114-001,21/10/09,NEUTRAL GREY/OBSIDIAN-COOL GREY,"219,000원","320,000","9,350",653,https://kream.co.kr/products/42255
Jordan,Jordan 1 Retro High OG CO.JP Midnight Navy,조던 1 레트로 하이 OG CO.JP 미드나잇 네이비,26108,DC1788-100,20/10/31,WHITE/METALLIC SILVER-MIDNIGHT NAVY,"199,000원","444,000",2만,"2,280",https://kream.co.kr/products/26108
adidas Yeezy,Adidas Yeezy Foam RNNR Stone Sage,아디다스 이지 폼 러너 스톤 세이지,53770,GX4472,22/03/11,STONE SAGE/STONE SAGE/STONE SAGE,"129,000원","253,000","1,358",87,https://kream.co.kr/products/53770
Jordan,Jordan 1 Retro High OG Rebellionaire,조던 1 레트로 하이 OG 리벨리어네어,53308,555088-036,22/03/12,BLACK/WHITE-PARTICLE GREY,"209,000원","221,000","4,870",286,https://kream.co.kr/products/53308
Jordan,Jordan 1 Retro High OG University Blue,조던 1 레트로 하이 OG 유니버시티 블루,27986,555088-134,21/03/06,WHITE/UNIVERSITY BLUE/BLACK,"199,000원","429,000",3.7만,"4,517",https://kream.co.kr/products/27986
Nike,Nike x Supreme Air Force 1 Low Flax,나이키 x 슈프림 에어포스 1 로우 플랙스,44653,DN1555-200,21/11/05,FLAX/FLAX-GUM LIGHT BROWN,"$150 (약 182,900원)","295,000",1.1만,352,https://kream.co.kr/products/44653
IAB Studio,IAB Studio Hoodie Black White,아이앱 스튜디오 후드 블랙 화이트,31662,-,-,BLACK,"75,000원","236,000","3,968",147,https://kream.co.kr/products/31662
New Balance,New Balance 992 Made in USA White Silver,뉴발란스 992 메이드 인 USA 화이트 실버,23831,M992NC,20/01/07,WHITE/SILVER,"259,000원","293,000","5,555",186,https://kream.co.kr/products/23831
Asics,Asics x I4P Gel-1130 Glacier Grey Mink,아식스 x I4P 젤 1130 글레이셔 그레이 밍크,52235,1201A664-020,22/02/24,GLACIER GREY/MINK,"129,000원","189,000","4,832",124,https://kream.co.kr/products/52235
Autry,Autry Medalist Low Leather Sneakers White,오트리 메달리스트 로우 레더 스니커즈 화이트,48207,AULM-LL15,-,WHITE/WHITE,"$186 (약 226,800원)","255,000","2,478",73,https://kream.co.kr/products/48207
Jordan,Jordan 1 Mid College Grey,조던 1 미드 컬리지 그레이,40833,554724-082,22/02/03,COLLEGE GREY/LIGHT BONE-WHITE,"139,000원","170,000",1.2만,375,https://kream.co.kr/products/40833
Nike,(W) Nike Dunk Low Essential Orange Paisley,(W) 나이키 덩크 로우 에센셜 오렌지 페이즐리,54007,DH4401-103,22/03/11,ORANGE,"129,000원","214,000","1,586",57,https://kream.co.kr/products/54007
Nike,Nike x Sacai x Undercover LDWaffle Black Bright Citron,나이키 x 사카이 x 언더커버 LD와플 블랙 브라이트 시트론,43677,DJ4877-001,21/10/29,BLACK/SAIL/DARK GREY/BRIGHT CITRON,"209,000원","250,000",1.1만,676,https://kream.co.kr/products/43677
Nike,(W) Nike Air Max 1 Premium Wabisabi,(W) 나이키 에어맥스 1 프리미엄 와비사비,54034,DQ8656-133,22/03/26,SAIL/CARGO KHAKI/MINERAL CLAY/PILGRIM,"189,000원","175,000",875,31,https://kream.co.kr/products/54034
Nike,(PS) Nike Dunk Low Black,(PS) 나이키 덩크 로우 블랙,28230,CW1588-100,21/01/04,WHITE/BLACK,"85,000원","126,000","4,140",450,https://kream.co.kr/products/28230
New Balance,New Balance 530 White,뉴발란스 530 화이트,23928,MR530SG,19/12/02,WHITE/SILVER/BLUE,"99,000원","94,000",1.3만,270,https://kream.co.kr/products/23928
Nike,Nike Air Force 1 '07 Low Triple Black,나이키 에어포스 1 '07 로우 트리플 블랙,36,315122-001/CW2288-001,-,BLACK/BLACK,"129,000원","128,000",1.7만,297,https://kream.co.kr/products/36
Nike,(W) Nike Dunk Low Next Nature Gym Red,(W) 나이키 덩크 로우 넥스트 네이쳐 짐레드,47901,DN1431-101,21/12/23,WHITE/GYM RED,"129,000원","222,000","8,388",119,https://kream.co.kr/products/47901
Jordan,Jordan 1 Retro High OG Heritage,조던 1 레트로 하이 OG 헤리티지,52130,555088-161,22/04/04,WHITE/UNIVERSITY RED-BLACK,"209,000원","300,000",766,3,https://kream.co.kr/products/52130
Nike,(GS) Nike Air Force 1 LV8 Athletic Club Light Smoke Grey Marina,(GS) 나이키 에어포스 1 LV8 애슬레틱 클럽 라이트 스모크 그레이 마리나,50689,DH9597-001,22/02/22,LIGHT SMOKE GREY/MARINA/WHITE,"129,000원","159,000","7,062",50,https://kream.co.kr/products/50689
Nike,(GS) Nike Air Force 1 LV8 Athletic Club Black Dark Sulfur,(GS) 나이키 에어포스 1 LV8 애슬레틱 클럽 블랙 다크 설퍼,49605,DH9597-002,22/02/22,BLACK/DARK SULFUR-WHITE-BLACK,"129,000원","157,000","6,105",59,https://kream.co.kr/products/49605
Jordan,Jordan 1 Mid SE Diamond,조던 1 미드 SE 다이아몬드,50675,DH6933-100,22/02/18,WHITE/BLACK-MULTI COLOR,"159,000원","165,000",1만,120,https://kream.co.kr/products/50675
Jordan,Jordan 1 Low Dark Teal,조던 1 로우 다크 틸,42321,553558-411,21/12/13,DARK TEAL/BLACK-WHITE,"119,000원","220,000",1.6만,316,https://kream.co.kr/products/42321
Nike,Nike x J.Crew Killshot 2 Sail Midnight Navy,나이키 x 제이크루 킬샷 2 세일 미드나잇 네이비,9655,432997-107,17/02/26,SAIL/MIDNIGHT NAVY-GUM YELLOW,"109,000원","106,000",1.7만,341,https://kream.co.kr/products/9655
Nike,(W) Nike Dunk Low Vintage Green,(W) 나이키 덩크 로우 빈티지 그린,48968,DQ8580-100,22/02/04,WHITE/VINTAGE GREEN/SAIL,"139,000원","360,000",1.4만,220,https://kream.co.kr/products/48968
Nike,(W) Nike Dunk Low Light Bone,(W) 나이키 덩크 로우 라이트 본,40108,DD1503-107,21/08/27,SAIL/LIGHT BONE-CASHMERE,"119,000원","330,000",2.5만,408,https://kream.co.kr/products/40108
New Balance,New Balance 2002R Grey,뉴발란스 2002R 그레이,25785,ML2002RC,20/09/25,GREY,"149,000원","150,000","8,602",117,https://kream.co.kr/products/25785
Essentials,Essentials Coaches Jacket Iron - 22SS,에센셜 코치 자켓 아이언 - 22SS,54148,-,22/03/10,IRON,-,"238,000",592,8,https://kream.co.kr/products/54148
New Balance,New Balance 530 Ivory,뉴발란스 530 아이보리,24008,MR530SH,20/03/06,IVORY,"99,000원","93,000","4,779",54,https://kream.co.kr/products/24008
Jordan,(W) Jordan 1 Elevate Low SE White Onyx,(W) 조던 1 엘리베이트 로우 SE 화이트 오닉스,52007,DH7004-102,22/02/25,WHITE/WHITE ONYX,"159,000원","180,000","5,248",104,https://kream.co.kr/products/52007
Jordan,Jordan 1 Low Bred Toe,조던 1 로우 브레드 토,42353,553558-612,22/02/17,WHITE/BLACK/UNIVERSITY RED,"129,000원","164,000","9,714",337,https://kream.co.kr/products/42353
Jordan,Jordan 1 Retro High OG Dark Marina Blue,조던 1 레트로 하이 OG 다크 마리나 블루,49365,555088-404,22/01/15,DARK MARINA BLUE/BLACK/WHITE,"209,000원","167,000",1.3만,"1,147",https://kream.co.kr/products/49365
Nike,Nike x Supreme Air Force 1 Low Black,나이키 x 슈프림 에어포스 1 로우 블랙,23626,CU9225-001,20/03/05,BLACK/BLACK-BLACK,"$96 (약 117,000원)","193,000",1.4만,322,https://kream.co.kr/products/23626
Nike,(W) Nike Dunk Low Triple White,(W) 나이키 덩크 로우 트리플 화이트,36465,DD1503-109,21/06/16,WHITE/WHITE/WHITE,"129,000원","150,000",1.4만,132,https://kream.co.kr/products/36465
Jordan,(GS) Jordan 1 Mid Light Arctic Pink,(GS) 조던 1 미드 라이트 아크틱 핑크,25614,555112-103,20/09/08,BLACK/LIGHT ARCTIC PINK/WHITE,"109,000원","279,000",1.3만,52,https://kream.co.kr/products/25614
Jordan,Jordan 11 Retro Cool Grey 2021,조던 11 레트로 쿨 그레이 2021,45802,CT8012-005,21/12/11,MEDIUM GREY/WHITE-COOL GREY,"259,000원","259,000","2,380",240,https://kream.co.kr/products/45802
Nike,(W) Nike Dunk Low Archeo Pink,(W) 나이키 덩크 로우 아키오 핑크,41637,DD1503-111,21/10/29,WHITE/ARCHEO PINK,"119,000원","280,000",1.5만,402,https://kream.co.kr/products/41637
Stone Island,Stone Island 63020 Crewneck Sweatshirt Black - 21FW,스톤 아일랜드 63020 크루넥 스웨트셔츠 블랙 - 21FW,38438,751563020-V0029,-,BLACK,"￡230 (약 367,900원)","319,000","3,628",132,https://kream.co.kr/products/38438
Jordan,(GS) Jordan 1 Mid Dark Teal,(GS) 조던 1 미드 다크 틸,42503,554725-411,21/10/04,DARK TEAL/BLACK-WHITE,"€85 (약 114,500원)","179,000","4,135",43,https://kream.co.kr/products/42503
Jordan,(W) Jordan 1 Retro High OG Atmosphere,(W) 조던 1 레트로 하이 OG 애트모스피어,46938,DD9335-641,21/12/15,ATMOSPHERE/WHITE-LASER PINK-OBSIDIAN,"209,000원","232,000",1.5만,613,https://kream.co.kr/products/46938
Asics,Asics x I4P Gel-1130 Mink Glacier Grey,아식스 x I4P 젤 1130 밍크 글레이셔 그레이,52237,1201A664-021,22/02/24,MINK/GLACIER GREY,"129,000원","289,000","4,721",145,https://kream.co.kr/products/52237
Nike,(GS) Nike Dunk Low Wolf Grey,(GS) 나이키 덩크 로우 울프 그레이,52893,DH9765-001,-,PURE PLATINUM/WHITE/WOLF GREY,"$85 (약 103,600원)","235,000","2,175",10,https://kream.co.kr/products/52893
Nike,Nike Air Force 1 '07 WB Flax,나이키 에어포스 1 '07 WB 플랙스,21935,CJ9179-200,19/09/10,FLAX/GUM/LIGHT BROWN/BLACK/WHEAT,"169,000원","171,000",1.4만,300,https://kream.co.kr/products/21935
adidas Yeezy,Adidas Yeezy Boost 350 V2 Zebra,아디다스 이지 부스트 350 V2 지브라,9654,CP9654,17/02/26,WHITE/CORE BLACK/RED,"289,000원","500,000","7,977","1,648",https://kream.co.kr/products/9654
Jordan,(GS) Jordan 1 Mid SE Diamond,(GS) 조던 1 미드 SE 다이아몬드,50947,DN4321-100,22/02/10,WHITE/BLACK/MULTI-COLOR,"¥13,200 (약 131,400원)","220,000","4,350",31,https://kream.co.kr/products/50947
Nike,(W) Nike Dunk Low Harvest Moon,(W) 나이키 덩크 로우 하베스트 문,47867,DD1503-114,22/01/03,SAIL/HARVEST MOON,"129,000원","199,000","7,333",122,https://kream.co.kr/products/47867
Essentials,Essentials 1977 Hoodie Iron - 22SS,에센셜 1977 후드 아이언 - 22SS,54142,-,22/03/10,IRON,"$100 (약 121,900원)","165,000",715,12,https://kream.co.kr/products/54142
Nike,(W) Nike Dunk Low Essential Blue Paisley,(W) 나이키 덩크 로우 에센셜 블루 페이즐리,47875,DH4401-101,21/12/29,BLUE,"129,000원","239,000","7,148",69,https://kream.co.kr/products/47875
Nike,(W) Nike Daybreak Summit White,(W) 나이키 데이브레이크 서밋 화이트,23892,CK2351-101,20/12/12,SUMMIT WHITE/WHITE/PALE IVORY,"119,000원","75,000",1.4만,187,https://kream.co.kr/products/23892
adidas Yeezy,Adidas Yeezy Slide Pure - Re-Release Ver.,아디다스 이지 슬라이드 퓨어 - 재발매 버전,47060,GW1934,21/12/13,PURE/PURE/PURE,"79,000원","190,000","2,161",56,https://kream.co.kr/products/47060
New Balance,New Balance 327 White Black,뉴발란스 327 화이트 블랙,26349,MS327FE,21/01/15,SEA SALT/BLACK,"109,000원","125,000",1.9만,707,https://kream.co.kr/products/26349
Nike,Nike Dunk High Retro Black White,나이키 덩크 하이 레트로 블랙 화이트,37186,DD1399-105,-,WHITE/BLACK-TOTAL ORANGE,"139,000원","179,000","3,611",74,https://kream.co.kr/products/37186
Nike,(GS) Nike Court Borough Low 2 Light Smoke Grey,(GS) 나이키 코트 버로우 로우 2 라이트 스모크 그레이,48473,BQ5448-117,22/01/03,WHITE/MARINA/LIGHT SMOKE GREY/HABANERO RED,"59,000원","110,000",1.3만,156,https://kream.co.kr/products/48473
Essentials,Essentials 1977 Hoodie Wheat - 22SS,에센셜 1977 후드 위트 - 22SS,54144,-,22/03/10,WHEAT,"$100 (약 121,900원)","134,000",576,8,https://kream.co.kr/products/54144
New Balance,(W) New Balance 993 Made in USA Grey - B Standard,(W) 뉴발란스 993 메이드 인 USA 그레이 - B 스탠다드,23854,WR993GL,18/08/20,GREY/WHITE,"$155 (약 189,000원)","288,000",1.4만,354,https://kream.co.kr/products/23854
Nike,Nike x Sacai x Fragment LDWaffle Blackened Blue,나이키 x 사카이 x 프라그먼트 LD와플 블랙큰드 블루,39448,DH2684-400,21/08/24,BLUE VOID/OBSIDIAN/WHITE/WHITE,"209,000원","425,000","9,389",814,https://kream.co.kr/products/39448
IAB Studio,IAB Studio Sweatpants Black White - 22SS,아이앱 스튜디오 스웨트팬츠 블랙 화이트 - 22SS,53418,-,22/03/14,BLACK/WHITE,"71,000원","99,000","1,675",38,https://kream.co.kr/products/53418
Adidas,Adidas Adimatic Green,아디다스 아디매틱 그린,55727,GZ6202,22/03/26,GREEN/CRYSTAL WHITE/CRYSTAL WHITE,"129,000원","153,000",872,16,https://kream.co.kr/products/55727
Jordan,Jordan 1 Retro High OG Shadow 2.0,조던 1 레트로 하이 OG 쉐도우 2.0,34102,555088-035,21/05/15,BLACK/LIGHT SMOKE GREY-WHITE,"199,000원","305,000",2.9만,"2,121",https://kream.co.kr/products/34102
Nike,(W) Nike TC 7900 Summit White,(W) 나이키 TC 7900 서밋 화이트,30673,DD9682-100,21/01/22,SUMMIT WHITE/BLACK/WHITE,"¥899 (약 172,300원)","187,000","8,864",52,https://kream.co.kr/products/30673
New Balance,New Balance 327 Grey,뉴발란스 327 그레이,24130,MS327LAB,20/05/09,GREY/WHITE,"139,000원","137,000",1.2만,808,https://kream.co.kr/products/24130
Maison Margiela,Maison Margiela Calfskin Replica Sneakers,메종 마르지엘라 카프스킨 레플리카 스니커즈,24909,S57WS0236P1895101,-,WHITE/GREY,"$495 (약 603,700원)","433,000","4,883",481,https://kream.co.kr/products/24909
Supreme,Supreme x Burberry Box Logo Hooded Sweatshirt Black - 22SS,슈프림 x 버버리 박스로고 후드 스웨트셔츠 블랙 - 22SS,54135,-,22/03/10,BLACK,"$198 (약 241,500원)","680,000",406,9,https://kream.co.kr/products/54135
Dyson,Dyson Airwrap Styler Complete Long Nickel Fuchsia (Korean Ver.),다이슨 에어랩 스타일러 컴플리트 롱 니켈 푸시아 (국내 정식 발매 제품),53076,371717-01,-,NICKEL/FUCHSIA,"649,000원","755,000",752,4,https://kream.co.kr/products/53076
adidas Yeezy,Adidas Yeezy Slide Ochre,아디다스 이지 슬라이드 오커,46734,GW1931,21/12/13,OCHRE/OCHRE/OCHRE,"79,000원","128,000","1,181",61,https://kream.co.kr/products/46734
Jordan,Jordan 1 Mid Gym Red Black White,조던 1 미드 짐레드 블랙 화이트,32777,554724-122,21/04/28,WHITE/GYM RED-BLACK,"139,000원","228,000",2.4만,"1,474",https://kream.co.kr/products/32777
Jordan,(W) Jordan 1 Mid Coconut Milk,(W) 조던 1 미드 코코넛 밀크,46849,BQ6472-121,22/03/25,COCONUT MILK/BLACK-WHITE,"139,000원","179,000","3,440",76,https://kream.co.kr/products/46849
Nike,Nike x Sacai x Undercover LDWaffle Midnight Spruce University Red,나이키 x 사카이 x 언더커버 LD와플 미드나잇 스프루스 유니버시티 레드,43767,DJ4877-300,21/10/29,MIDNIGHT SPRUCE/UNIVERSITY RED,"209,000원","289,000","4,119",326,https://kream.co.kr/products/43767
Adidas,Adidas Superstar Premium Black White,아디다스 슈퍼스타 프리미엄 블랙 화이트,28115,FV2832,20/07/08,CORE BLACK/CRYSTAL WHITE/BLUE,"$100 (약 121,900원)","189,000","7,971",124,https://kream.co.kr/products/28115
Jordan,Jordan 1 Retro High OG Bordeaux,조던 1 레트로 하이 OG 보르도,44923,555088-611,21/11/15,BORDEAUX/WHITE-METALLIC SILVER,"199,000원","208,000",1.3만,982,https://kream.co.kr/products/44923
Jordan,Jordan 6 Retro University Blue,조던 6 레트로 유니버시티 블루,52233,CT8529-410,22/03/02,UNIVERSITY BLUE/WHITE-COLLEGE NAVY-BLACK,"239,000원","238,000","2,102",114,https://kream.co.kr/products/52233
New Balance,New Balance 550 White Grey - 2E Wide,뉴발란스 550 화이트 그레이 - 2E 와이드,51741,BB550LWT,22/02/17,WHITE/GREY,"139,000원","180,000","3,356",48,https://kream.co.kr/products/51741
Nike,Nike Air Max 97 Triple White Wolf Grey,나이키 에어맥스 97 트리플 화이트 울프 그레이,10917,921826-101,17/08/01,WHITE/WOLF GREY-BLACK,"$160 (약 195,100원)","149,000","7,148",196,https://kream.co.kr/products/10917
Nike,(GS) Nike x Kyrie Dunk Low SE Baltic Blue,(GS) 나이키 x 카이리 덩크 로우 SE 발틱 블루,55265,DN4179-400,22/03/01,BALTIC BLUE/BALTIC BLUE/WHITE,-,"167,000",282,17,https://kream.co.kr/products/55265
Nike,Nike Dunk Low SE Seoul,나이키 덩크 로우 SE 서울,38844,DM7708-100,21/08/12,BLACK/WHITE-RED-BLUE,"129,000원","263,000",1.4만,"1,014",https://kream.co.kr/products/38844
Jordan,Jordan 1 Retro High OG Court Purple 2020,조던 1 레트로 하이 OG 코트 퍼플 2020,23418,555088-500,20/04/18,COURT PURPLE/WHITE-BLACK,"199,000원","320,000",2.1만,"2,279",https://kream.co.kr/products/23418
Nike,Nike x Sacai x Undercover LDWaffle Night Maroon Team Royal,나이키 x 사카이 x 언더커버 LD와플 나이트 마룬 팀 로얄,43676,DJ4877-600,21/10/29,NIGHT MAROON/PALE IVORY/GROUND GREY/TEAM ROYAL,"209,000원","290,000","4,636",465,https://kream.co.kr/products/43676
adidas Yeezy,Adidas Yeezy Boost 350 V2 Black Red 2020,아디다스 이지 부스트 350 V2 블랙 레드 2020,26699,CP9652,20/12/05,CORE BLACK/CORE BLACK/RED,"289,000원","399,000","7,610",705,https://kream.co.kr/products/26699
Jordan,Jordan 1 Retro High OG Light Smoke Grey,조던 1 레트로 하이 OG 라이트 스모크 그레이,23974,555088-126,20/07/03,WHITE/BLACK-LIGHT SMOKE GREY-VARSITY RED,"199,000원","346,000",1.3만,"1,281",https://kream.co.kr/products/23974
Essentials,Essentials 1977 Knit Long Sleeve Polo Iron - 22SS,에센셜 1977 니트 롱슬리브 폴로 아이언 - 22SS,54155,-,22/03/10,IRON,"$120 (약 146,300원)","180,000",394,10,https://kream.co.kr/products/54155
Apple,Apple AirPods Max Silver (Korean Ver.),애플 에어팟 맥스 실버 (국내 정식 발매 제품),51930,MGYJ3KH/A,-,SILVER,"719,000원","577,000","1,334",31,https://kream.co.kr/products/51930
Maison Margiela,Maison Margiela Keyring Wallet Black - 22SS,메종 마르지엘라 키링 지갑 블랙 - 22SS,48389,S56UI0128P4455T8013,-,BLACK,-,"312,000","1,056",6,https://kream.co.kr/products/48389
Nike,(W) Nike Air Force 1 '07 SE First Use Orange Sail,(W) 나이키 에어포스 1 '07 SE 퍼스트 유즈 오렌지 세일,36175,DA8302-101,21/06/07,WHITE/ORANGE-SUMMIT WHITE-SAIL,"139,000원","219,000","8,007",45,https://kream.co.kr/products/36175
Nike,(W) Nike Dunk Low Disrupt 2 White Light Bone,(W) 나이키 덩크 로우 디스럽트 2 화이트 라이트 본,56311,DH4402-101,22/04/01,WHITE/BLACK/LIGHT BONE/SAIL,"139,000원","150,000",592,15,https://kream.co.kr/products/56311
Apple,Apple AirPods Pro with Magsafe Charging Case (Korean Ver.),애플 에어팟 프로 맥세이프 호환 (국내 정식 발매 제품),51927,MLWK3KH/A,-,WHITE,"329,000원","243,000","1,527",12,https://kream.co.kr/products/51927
Nike,(W) Nike Dunk Low Next Nature Light Orewood Brown,(W) 나이키 덩크 로우 넥스트 네이쳐 라이트 오우드 브라운,47185,DN1431-100,22/01/11,WHITE/LIGHT OREWOOD BROWN,"129,000원","210,000",1.1만,116,https://kream.co.kr/products/47185
New Balance,New Balance 2002R Protection Pack Sea Salt,뉴발란스 2002R 프로텍션 팩 씨 솔트,37244,M2002RDC,21/07/01,SEA SALT/MUNSELL WHITE,"169,000원","218,000",913,29,https://kream.co.kr/products/37244
Off-White,Off-White x Amore Pacific Protection Box,오프화이트 x 아모레 퍼시픽 프로텍션 박스,29371,-,21/02/02,-,"195,000원","43,000","3,402",576,https://kream.co.kr/products/29371
IAB Studio,IAB Studio Crewneck Sky Blue,아이앱 스튜디오 크루넥 스카이 블루,44232,-,21/11/08,SKY BLUE,"68,000원","179,000","2,763",133,https://kream.co.kr/products/44232
IAB Studio,IAB Studio Hoodie Oatmeal Burgundy,아이앱 스튜디오 후드 오트밀 버건디,53417,-,22/03/14,OATMEAL/BURGUNDY,"75,000원","185,000","3,027",57,https://kream.co.kr/products/53417
Jordan,(GS) Jordan 1 Retro High OG Patent Bred,(GS) 조던 1 레트로 하이 OG 페이턴트 브레드,45434,575441-063,21/12/23,BLACK/VARSITY RED-WHITE,"139,000원","155,000","2,531",221,https://kream.co.kr/products/45434
Nike,Nike x Ambush Dunk High Deep Royal Blue,나이키 x 앰부쉬 덩크 하이 딥 로얄 블루,34573,CU7544-400,21/05/18,DEEP ROYAL BLUE/WHITE-PALE IVORY-BLACK,"219,000원","450,000",1.2만,"1,339",https://kream.co.kr/products/34573
Nike,Nike Dunk Low Retro Varsity Green,나이키 덩크 로우 레트로 바시티 그린,32655,DD1391-101,21/04/28,WHITE/TEAM GREEN/ORANGE,"119,000원","479,000",2.7만,"1,278",https://kream.co.kr/products/32655
Jordan,Jordan 1 Retro High OG Defiant SB LA to Chicago,조던 1 레트로 하이 OG 디파이언트 SB LA 투 시카고,20643,CD6578-507,19/05/26,COURT PURPLE/BLACK-SAIL-UNIVERSITY GOLD,"209,000원","720,000","9,260","1,393",https://kream.co.kr/products/20643
Nike,Nike SB Dunk Low Pro Chlorophyll,나이키 SB 덩크 로우 프로 클로로필,45504,BQ6817-011,22/02/18,GREY/WHITE-CHLOROPHYLL-BLACK,"129,000원","324,000","3,330",50,https://kream.co.kr/products/45504
Maison Margiela,(W) Maison Margiela Replica Calfskin Sneakers,(W) 메종 마르지엘라 카프스킨 레플리카 스니커즈,24912,S58WS0109P1895T1016,-,WHITE,"$495 (약 603,700원)","400,000","2,617",101,https://kream.co.kr/products/24912
Jordan,Jordan 1 Retro High OG Gym Red,조던 1 레트로 하이 OG 짐레드,21068,555088-061,19/06/30,BLACK/GYM RED-WHITE-SAIL,"199,000원","404,000",1.1만,"1,044",https://kream.co.kr/products/21068
Microsoft,Microsoft Xbox Series X (220V),마이크로소프트 엑스박스 시리즈 X (국내 정식 발매 제품),33629,RRT-00019,20/11/10,BLACK,"598,000원","702,000",826,13,https://kream.co.kr/products/33629
Autry,Autry Medalist Low Goatskin Sneakers White,오트리 메달리스트 로우 고트스킨 스니커즈 화이트,48783,AULM-GG04,-,WHITE,"€156 (약 210,200원)","297,000",609,26,https://kream.co.kr/products/48783
Golden Goose,(W) Golden Goose Superstar White Silver Heel Tab Sneakers,(W) 골든구스 슈퍼스타 화이트 실버탭 스니커즈,30245,GWF00102-F000317-10273/GCOWS590-W77,-,WHITE/SILVER,"665,000원","386,000","2,073",58,https://kream.co.kr/products/30245
Stone Island,Stone Island 63051 Crewneck Sweatshirt Black - 22SS,스톤 아일랜드 63051 크루넥 스웨트셔츠 블랙 - 22SS,48101,761563051-V0029,-,BLACK,"￡235 (약 375,900원)","300,000",995,19,https://kream.co.kr/products/48101
New Balance,New Balance 993 Made in USA Grey - 2E Wide,뉴발란스 993 메이드 인 USA 그레이 - 2E 와이드,26666,MR993GL,18/08/21,GREY/WHITE,"$155 (약 189,000원)","269,000","4,118",106,https://kream.co.kr/products/26666
Essentials,Essentials The Core Collection Pullover Hoodie Oatmeal,에센셜 코어 컬렉션 풀오버 후드 오트밀,46898,-,21/12/10,OATMEAL,"$90 (약 109,700원)","134,000","1,903",35,https://kream.co.kr/products/46898
Jordan,(W) Jordan 1 Low Aluminum,(W) 조던 1 로우 알루미늄,47344,DC0774-050,22/02/23,FOOTBALL GREY/ALUMINIUM-WHITE,"119,000원","189,000","3,146",19,https://kream.co.kr/products/47344
Nike,Nike SB Dunk High Pro ISO Kentucky,나이키 SB 덩크 하이 프로 ISO 켄터키,55326,DH7149-400,22/02/19,VARSITY ROYAL/VARSITY ROYAL,"$110 (약 134,100원)","254,000",350,5,https://kream.co.kr/products/55326
Hoka One One,Hoka One One Bondi 7 Black - Wide,호카 오네 오네 본디 7 블랙 - 와이드,26353,1110530-BBLC,20/09/01,BLACK,"199,000원","171,000","1,807",108,https://kream.co.kr/products/26353
Jordan,(GS) Jordan 4 Retro Tour Yellow,(GS) 조던 4 레트로 투어 옐로우,39693,408452-700,21/08/28,TOUR YELLOW/WHITE/DARK BLUE GREY,"169,000원","199,000",278,17,https://kream.co.kr/products/39693
Nike,Nike Dunk High Retro Championship White and Red,나이키 덩크 하이 레트로 챔피언쉽 화이트 앤 레드,45694,DD1399-106,22/02/28,WHITE/UNIVERSITY RED,"129,000원","152,000","4,409",143,https://kream.co.kr/products/45694
Nike,(W) Nike Air Force 1 '07 Essential Paisley Swoosh White Black,(W) 나이키 에어포스 1 '07 에센셜 페이즐리 스우시 화이트 블랙,47116,DH4406-101,21/12/17,WHITE/BLACK-WHITE-WHITE,"129,000원","113,000",1.3만,231,https://kream.co.kr/products/47116
adidas Yeezy,Adidas Yeezy Slide Pure,아디다스 이지 슬라이드 퓨어,33815,GZ5554,21/04/26,PURE/PURE/PURE,"79,000원","239,000","3,367",326,https://kream.co.kr/products/33815
New Balance,(W) New Balance 993 Made in USA Grey - D Wide,(W) 뉴발란스 993 메이드 인 USA 그레이 - D 와이드,26734,WR993GL,18/08/20,GREY/WHITE,"$155 (약 189,000원)","273,000","3,071",52,https://kream.co.kr/products/26734
New Balance,New Balance 2002 Warm Alpaca,뉴발란스 2002 웜 알파카,49344,M2002RAW,22/01/21,WARM ALPACA/LIGHT CHALKBOARD,"169,000원","141,000","2,586",95,https://kream.co.kr/products/49344
Jordan,Jordan 1 Retro High OG Hyper Royal,조던 1 레트로 하이 OG 하이퍼 로얄,32744,555088-402,21/04/14,HYPER ROYAL/LIGHT SMOKE GREY/WHITE,"199,000원","393,000",1.7만,"1,893",https://kream.co.kr/products/32744
Nike,(W) Nike Dunk Low Coast,(W) 나이키 덩크 로우 코스트,28065,DD1503-100,21/01/04,SAIL/COAST/UNIVERSITY GOLD,"119,000원","370,000",1.9만,"1,783",https://kream.co.kr/products/28065
New Balance,New Balance 2002R Protection Pack Rain Cloud,뉴발란스 2002R 프로텍션 팩 레인 클라우드,37223,M2002RDA,21/07/01,RAIN CLOUD/MAGNET,"169,000원","335,000","1,905",76,https://kream.co.kr/products/37223
Jordan,Jordan 1 Low Hyper Royal,조던 1 로우 하이퍼 로얄,24710,553558-124,20/07/09,WHITE/HYPER ROYAL-BLACK,"119,000원","321,000","9,952",210,https://kream.co.kr/products/24710
Arc'teryx,Arc'teryx Beta Jacket Black,아크테릭스 베타 자켓 블랙,50099,29090/29867,-,BLACK,"650,000원","612,000",681,15,https://kream.co.kr/products/50099
Chanel,Chanel Medium Boy Chanel Handbag Grained Calfskin & Ruthenium Black,샤넬 보이 샤넬 미디움 플랩백 그레인드 카프스킨 & 루테늄 메탈 블랙,50905,A67086-Y83338-94305,-,RUTHENIUM/BLACK,-,"7,630,000",525,6,https://kream.co.kr/products/50905
Dyson,Dyson Airwrap Styler Volume And Shape Nickel Fuchsia (Korean Ver.),다이슨 에어랩 스타일러 볼륨 앤 쉐이프 니켈 푸시아 (국내 정식 발매 제품),53078,309796-01,-,NICKEL/FUCHSIA,"589,000원","570,000",249,1,https://kream.co.kr/products/53078
Jordan,Jordan 1 Element Gore-Tex Berry,조던 1 엘리먼트 고어텍스 베리,55074,DB2889-500,22/03/26,BERRY/BLACK,"$200 (약 243,900원)","245,000",334,7,https://kream.co.kr/products/55074
Essentials,Essentials 1977 Crewneck Sweatshirt Iron - 22SS,에센셜 1977 크루넥 스웨트셔츠 아이언 - 22SS,54187,-,22/03/10,IRON,"$85 (약 103,600원)","150,000",286,7,https://kream.co.kr/products/54187
Apple,Apple Airpods 3rd Gen (Korean Ver.),애플 에어팟 3세대 (국내 정식 발매 제품),51926,MME73KH/A,-,WHITE,"249,000원","205,000",869,3,https://kream.co.kr/products/51926
Nike,Nike Dunk High Retro Cargo Khaki,나이키 덩크 하이 레트로 카고 카키,46628,DD1399-107,21/11/29,WHITE/CARGO KHAKI,"$109 (약 132,900원)","152,000","1,138",12,https://kream.co.kr/products/46628
Supreme,Supreme Backpack Black - 22SS,슈프림 백팩 블랙 - 22SS,52107,-,22/02/17,BLACK,"$158 (약 192,700원)","277,000","1,001",5,https://kream.co.kr/products/52107
Lego,Lego Back To The Future Time Machine,레고 백 투 더 퓨처 타임머신,55434,10300,22/04/01,-,"219,900원","259,000",134,1,https://kream.co.kr/products/55434
Nike,Nike Dunk Low Retro Next Nature Riftblue,나이키 덩크 로우 레트로 넥스트 네이쳐 리프트블루,45516,DD3358-400,-,RIFTBLUE/CAVE PURPLE-GREY FOG,"$110 (약 134,100원)","138,000",422,4,https://kream.co.kr/products/45516
New Balance,New Balance CT302 White Reflection,뉴발란스 CT302 화이트 리플렉션,53680,CT302OA,22/03/18,WHITE/REFLECTION,"129,000원","170,000",805,6,https://kream.co.kr/products/53680
Jordan,Jordan 1 Retro High OG Electro Orange,조던 1 레트로 하이 OG 일렉트로 오렌지,37466,555088-180,21/07/17,WHITE/ELECTRO ORANGE-BLACK,"199,000원","219,000",1.1만,688,https://kream.co.kr/products/37466
Adidas,Adidas Superstar 82 Black White,아디다스 슈퍼스타 82 블랙 화이트,48974,GY3428,21/12/28,CORE BLACK/ALUMINIUM/CREAM WHITE,"¥16,000 (약 159,300원)","153,000","3,803",28,https://kream.co.kr/products/48974
Nike,(GS) Nike x NBA Dunk Low Chicago,(GS) 나이키 x NBA 덩크 로우 시카고,41949,DO6288-100,21/10/08,SAIL/BLACK/BLACK/CHILE RED,"99,000원","197,000","6,715",265,https://kream.co.kr/products/41949
adidas Yeezy,Adidas Yeezy Slide Onyx,아디다스 이지 슬라이드 오닉스,53429,HQ6448,22/03/07,ONYX/ONYX/ONYX,"99,000원","194,000","1,446",32,https://kream.co.kr/products/53429
Nike,Nike NSW Swoosh Therma-Fit Bomber Black - Asia,나이키 NSW 스우시 써마핏 봄버 블랙 - 아시아,45684,DD6056-010,21/11/22,BLACK/PHOTON DUST/PHOTON DUST,"199,000원","147,000","3,822",95,https://kream.co.kr/products/45684
Nike,Nike NRG Solo Swoosh Satin Bomber Jacket Black Doll - Asia,나이키 NRG 솔로 스우시 사틴 봄버 자켓 블랙 돌 - 아시아,49887,DN1267-011,22/01/21,BLACK/DOLL/WHITE,"229,000원","250,000","2,543",57,https://kream.co.kr/products/49887
Jordan,Jordan 1 Low Golf Triple White,조던 1 로우 골프 트리플 화이트,48706,DD9315-101,22/01/14,WHITE/WHITE-WHITE,"179,000원","219,000","3,834",102,https://kream.co.kr/products/48706
Nike,Nike ACG Mountain Fly Low Gore-Tex SE Dark Smoke Grey,나이키 ACG 마운틴 플라이 로우 고어텍스 SE 다크 스모크 그레이,52608,DD2861-002,22/03/09,DARK SMOKE GREY/IRON GREY/DARK SMOKE GREY,"219,000원","229,000",998,25,https://kream.co.kr/products/52608
adidas Yeezy,Adidas Yeezy Foam RNNR Sand,아디다스 이지 폼 러너 샌드,31939,FY4567,21/03/26,SAND/SAND/SAND,"99,000원","540,000","3,955","1,142",https://kream.co.kr/products/31939
Jordan,(GS) Jordan 1 Retro High OG Light Smoke Grey,(GS) 조던 1 레트로 하이 OG 라이트 스모크 그레이,24700,575441-126,20/07/07,WHITE/BLACK-LIGHT SMOKE GREY-VARSITY RED,"139,000원","268,000","3,822",128,https://kream.co.kr/products/24700
Dior,Dior Saddle Flap Card Holder Blue Dior Oblique Jacquard,디올 새들 플랩 카드 홀더 블루 디올 오블리크 자카드,43875,S5611CTZQ-M928,-,BLUE,"560,000원","599,000","2,515",20,https://kream.co.kr/products/43875
Dyson,Dyson Airwrap Styler Complete Nickel Fuchsia (Korean Ver.),다이슨 에어랩 스타일러 컴플리트 니켈 푸시아 (국내 정식 발매 제품),53075,310737-01,-,NICKEL/FUCHSIA,"649,000원","708,000",230,1,https://kream.co.kr/products/53075
Nike,(W) Nike Dunk Low Next Nature Pale Coral,(W) 나이키 덩크 로우 넥스트 네이쳐 페일 코랄,39445,DD1873-100,21/08/19,PALE CORAL/WHITE,"119,000원","200,000",1.3만,191,https://kream.co.kr/products/39445
Essentials,Essentials 1977 Shorts Iron - 22SS,에센셜 1977 쇼츠 아이언 - 22SS,54173,-,22/03/10,IRON,"$70 (약 85,300원)","169,000",384,6,https://kream.co.kr/products/54173
Nike,Nike Air Force 1 '07 White Black,나이키 에어포스 1 '07 화이트 블랙,28180,CT2302-100,20/12/23,WHITE/BLACK,"129,000원","175,000","8,335",189,https://kream.co.kr/products/28180
New Balance,New Balance 327 White Silver Gum,뉴발란스 327 화이트 실버 검,25834,MS327STB,21/12/31,WHITE/SILVER/GUM,"109,000원","120,000","5,419",83,https://kream.co.kr/products/25834
Jordan,Jordan 3 Retro Cardinal Red,조던 3 레트로 카디널 레드,51417,CT8532-126,22/02/21,WHITE/LIGHT CURRY/CARDINAL RED/CEMENT GREY,"239,000원","225,000","1,510",107,https://kream.co.kr/products/51417
Jordan,(GS) Jordan 1 Mid SE Pine Green Light Smoke Grey,(GS) 조던 1 미드 SE 파인 그린 라이트 스모크 그레이,44692,DC7248-103,21/10/25,WHITE/PINE GREEN-LIGHT SMOKE GREY,"€95 (약 128,000원)","205,000","5,943",45,https://kream.co.kr/products/44692
Jordan,Jordan 1 Low SE Diamond,조던 1 로우 SE 다이아몬드,50674,DH6931-001,22/02/09,BLACK/MULTI-COLOR/WHITE/BLACK,"139,000원","158,000","2,550",47,https://kream.co.kr/products/50674
Jordan,(GS) Jordan 1 Low White Gym Red Black,(GS) 조던 1 로우 화이트 짐레드 블랙,54006,553560-163,22/03/11,WHITE/GYM RED/BLACK,"109,000원","140,000","1,506",35,https://kream.co.kr/products/54006
Nike,Nike x Stussy Windrunner Jacket Bright Cactus,나이키 x 스투시 윈드러너 자켓 브라이트 캑터스,26769,CT4310-308,-,BRIGHT CACTUS,"229,000원","240,000","1,631",203,https://kream.co.kr/products/26769
Nike,(W) Nike Dunk Low Disrupt 2 Phantom University Blue,(W) 나이키 덩크 로우 디스럽트 2 팬텀 유니버시티 블루,49915,DH4402-001,22/01/27,PHANTOM/UNIVERSITY BLUE/MALACHITE,"139,000원","199,000","9,878",172,https://kream.co.kr/products/49915
Nike,Nike Air Kukini SE Kumquat and Action Red,나이키 에어 쿠키니 SE 쿰쾃 앤 액션 레드,55785,DJ6418-001,22/04/01,BLACK/KUMQUAT/MULTICOLOR/WHITE,"169,000원","175,000",115,3,https://kream.co.kr/products/55785
Jordan,Jordan 1 Retro High OG Pollen,조던 1 레트로 하이 OG 폴른,38796,555088-701,21/08/27,POLLEN/BLACK-WHITE,"199,000원","174,000",1.4만,"1,460",https://kream.co.kr/products/38796
Jordan,(W) Jordan 1 Mid White Hyper Royal,(W) 조던 1 미드 화이트 하이퍼 로얄,37536,BQ6472-104,21/07/06,WHITE/HYPER ROYAL/WHITE,"139,000원","199,000",1.8만,261,https://kream.co.kr/products/37536
Nike,(W) Nike Dunk High Black and White,(W) 나이키 덩크 하이 블랙 앤 화이트,33866,DD1869-103,21/05/01,WHITE/BLACK-UNIVERSITY RED,"129,000원","198,000",1.1만,324,https://kream.co.kr/products/33866
Jordan,Jordan 1 Element Gore-Tex Sail,조던 1 엘리먼트 고어텍스 세일,45438,DB2889-100,21/11/24,SAIL/LIGHT BONE-COLLEGE GREY,"239,000원","271,000","8,178",180,https://kream.co.kr/products/45438
New Balance,New Balance 996 Grey,뉴발란스 996 그레이,31769,CM996BG,19/09/01,GREY,"119,000원","111,000","4,784",49,https://kream.co.kr/products/31769
New Balance,New Balance 2002R Protection Pack Phantom,뉴발란스 2002R 프로텍션 팩 팬텀,37358,M2002RDB,21/07/01,PHATOM/MAGNET,"€150 (약 202,100원)","210,000",489,13,https://kream.co.kr/products/37358
New Balance,New Balance 530 Silver,뉴발란스 530 실버,24006,MR530SC,19/12/02,SILVER/YELLOW,"99,000원","109,000","5,696",382,https://kream.co.kr/products/24006
Helinox,Helinox Tactical Sunset Chair Coyote Tan,헬리녹스 택티컬 선셋 체어 코요테 탄,48199,-,-,COYOTE TAN,"160,000원","235,000",69,0,https://kream.co.kr/products/48199
Essentials,Essentials 1977 Relaxed Sweatpants Iron - 22SS,에센셜 1977 릴렉스드 스웨트팬츠 아이언 - 22SS,54181,-,22/03/10,IRON,"$90 (약 109,700원)","131,000",378,18,https://kream.co.kr/products/54181
Jordan,(GS) Jordan 1 Low Light Arctic Pink,(GS) 조던 1 로우 라이트 아크틱 핑크,32005,553560-800,21/03/24,LIGHT ARCTIC PINK/WHITE-BLACK,"99,000원","251,000","5,680",59,https://kream.co.kr/products/32005
Nike,Nike Air Force 1 '07 Low White Pure Platinum,나이키 에어포스 1 '07 로우 화이트 퓨어 플래티넘,42983,DC2911-100,-,WHITE/PURE PLATINUM-WHITE,"$90 (약 109,700원)","170,000",791,1,https://kream.co.kr/products/42983
Jordan,Jordan 1 Low Golf Shadow,조던 1 로우 골프 쉐도우,48709,DD9315-001,22/01/14,BLACK/MEDIUM GREY-WHITE,"179,000원","232,000","2,188",75,https://kream.co.kr/products/48709
Jordan,Jordan 1 Low SE Light Smoke Grey Gym Red,조던 1 로우 SE 라이트 스모크 그레이 짐레드,42620,DC6991-016,21/12/08,LIGHT SMOKE GREY-WHITE-GYM RED,"129,000원","190,000","7,162",155,https://kream.co.kr/products/42620
adidas Yeezy,Adidas Yeezy 500 Blush 2022,아디다스 이지 500 블러쉬 2022,52382,DB2908,22/02/19,BLUSH/BLUSH/BLUSH,"289,000원","265,000","1,583",53,https://kream.co.kr/products/52382
Nike,Nike x Sacai x Clot LDWaffle Orange Blaze,나이키 x 사카이 x 클랏 LD와플 오렌지 블레이즈,40651,DH1347-100,21/09/11,NET/ORANGE BLAZE-DEEP RED-GREEN BEAN,"209,000원","250,000","4,070",461,https://kream.co.kr/products/40651
Nike,Nike x Off-White Dunk Low The 50 - Lot 18,나이키 x 오프화이트 덩크 로우 더 50 - 로트 18,39142,DJ0950-112,21/08/09,SAIL/NEUTRAL GREY,"219,000원","648,000","9,891","1,195",https://kream.co.kr/products/39142
Nike,Nike Dunk Low Retro University Blue,나이키 덩크 로우 레트로 유니버시티 블루,33799,DD1391-102,21/04/28,WHITE/UNIVERSITY BLUE-WHITE,"119,000원","420,000",1.9만,823,https://kream.co.kr/products/33799
Nike,Nike x Union Dunk Low Passport Pack Pistachio,나이키 x 유니온 덩크 로우 패스포트 팩 피스타치오,50653,DJ9649-401,22/02/12,PISTACHIO/MIDNIGHT NAVY,"$150 (약 182,900원)","586,000","1,907",98,https://kream.co.kr/products/50653
New Balance,New Balance 992 Made in USA Black Grey,뉴발란스 992 메이드 인 USA 블랙 그레이,33070,M992EB,21/06/15,BLACK/GREY,"259,000원","319,000","8,666",279,https://kream.co.kr/products/33070
Jordan,Jordan 1 Low Light Smoke Grey,조던 1 로우 라이트 스모크 그레이,25789,553558-030,20/10/14,LIGHT SMOKE GREY/GYM RED-WHITE,"119,000원","424,000",1.7만,724,https://kream.co.kr/products/25789
Jordan,Jordan 11 Retro Jubilee,조던 11 레트로 주빌리,26548,CT8012-011,20/12/08,BLACK/MULTI-COLOR-WHITE-MULTI-COLOR,"259,000원","265,000","1,539",319,https://kream.co.kr/products/26548
Jordan,Jordan 11 Retro Bred 2019,조던 11 레트로 브레드 2019,23137,378037-061,19/12/15,BLACK/WHITE-VARSITY RED,"259,000원","349,000","2,924",457,https://kream.co.kr/products/23137
Nike,Nike x Stussy Windrunner Jacket Habanero Red,나이키 x 스투시 윈드러너 자켓 하바네로 레드,26768,CT4310-634,-,HABANERO RED,"229,000원","314,000","2,869",455,https://kream.co.kr/products/26768
Supreme,Supreme x Burberry Box Logo Hooded Sweatshirt Heather Grey - 22SS,슈프림 x 버버리 박스로고 후드 스웨트셔츠 헤더 그레이 - 22SS,54137,-,22/03/10,HEATHER GREY,"$198 (약 241,500원)","875,000",499,12,https://kream.co.kr/products/54137
New Balance,New Balance 990v3 Made in USA Grey 2021 - D Standard,뉴발란스 990v3 메이드 인 USA 그레이 2021 - D 스탠다드,43144,M990GY3,-,GREY,-,"310,000","1,804",30,https://kream.co.kr/products/43144
Golden Goose,Golden Goose Superstar White Black Heel Tab Sneakers,골든구스 슈퍼스타 화이트 블랙탭 스니커즈,30239,GCOMS590-W55/GMF00102-F000318-10220,-,WHITE/BLACK,"665,000원","367,000",876,31,https://kream.co.kr/products/30239
Apple,Apple AirPods Max Space Gray (Korean Ver.),애플 에어팟 맥스 스페이스 그레이 (국내 정식 발매 제품),51929,MGYH3KH/A,-,SPACE GRAY,"719,000원","575,000",953,30,https://kream.co.kr/products/51929
Burberry,Burberry Icon Stripe Econyl Drawcord Pouch Archive Beige,버버리 아이콘 스트라이프 에코닐 드로우코드 파우치 아카이브 베이지,46470,8026737,-,ARCHIVE BEIGE,"650,000원","434,000",739,7,https://kream.co.kr/products/46470
Stone Island,Stone Island 10502 Naslan Light Garment Dyed Overshirt Black - 22SS,스톤 아일랜드 10502 나슬란 라이트 가먼트 다이트 오버셔츠 블랙 - 22SS,49223,761510502-V0029,-,BLACK,"￡390 (약 623,800원)","600,000",248,5,https://kream.co.kr/products/49223
Louis Vuitton,Louis Vuitton Business Card Holder Monogram Embossed Leather Black,루이비통 비즈니스 카드 홀더 모노그램 엠보스 레더 블랙,49374,M58456,-,BLACK,"$360 (약 439,100원)","510,000","1,245",2,https://kream.co.kr/products/49374
Lemaire,Lemaire Small Croissant Bag Soft Nappa Leather Black,르메르 스몰 크루아상 백 소프트 나파 레더 블랙,48614,BG253-LL095-999,-,BLACK,"$1,165 (약 1,421,000원)","1,177,000",632,19,https://kream.co.kr/products/48614
Apple,Apple iPad Air 4th Gen Wifi 64GB Space Gray (Korean Ver.),애플 아이패드 에어 4세대 와이파이 64기가 스페이스 그레이 (국내 정식 발매 제품),52699,MYFM2KH/A,-,SPACE GRAY,"779,000원","710,000",297,2,https://kream.co.kr/products/52699
Jordan,Jordan 1 Low SE Light Curry,조던 1 로우 SE 라이트 커리,46530,DH6931-102,22/02/07,WHITE/MEDIUM OLIVE/LIGHT CURRY/WHITE,"139,000원","150,000","2,958",80,https://kream.co.kr/products/46530
Saint Laurent,Saint Laurent Silver Monogram Card Case in Grain De Poudre Embossed Leather Black,생로랑 그랑 드 뿌드르 텍스처드 마틀라세 레더 실버 모노그램 카드 홀더 블랙,37307,423291-BOW02-1000,-,BLACK/SILVER,"470,000원","310,000",970,7,https://kream.co.kr/products/37307
Jordan,(GS) Jordan 1 Low Green Toe,(GS) 조던 1 로우 그린토,42184,553560-371,21/09/30,GREEN/BLACK-WHITE-GOLD,"99,000원","197,000","5,586",38,https://kream.co.kr/products/42184
Nike,Nike Air Force 1 '07 Pecan,나이키 에어포스 1 '07 피칸,55309,DH7561-100,22/03/22,WHITE/PECAN,"129,000원","125,000",880,20,https://kream.co.kr/products/55309
Jordan,(GS) Jordan 1 Low OG Starfish,(GS) 조던 1 로우 OG 스타피쉬,40092,CZ0858-801,21/08/26,STARFISH/WHITE/BLACK,"$100 (약 121,900원)","282,000","3,580",126,https://kream.co.kr/products/40092
Nike,(W) Nike Air Force 1 Shadow Triple White,(W) 나이키 에어포스 1 쉐도우 트리플 화이트,22295,CI0919-100,19/10/04,WHITE/WHITE-WHITE,"149,000원","137,000","5,616",81,https://kream.co.kr/products/22295
Nike,(W) Nike Air Force 1 '07 Low White Black,(W) 나이키 에어포스 1 '07 로우 화이트 블랙,28634,315115-152,19/01/02,WHITE/WHITE-BLACK,"$114 (약 139,000원)","152,000","6,813",77,https://kream.co.kr/products/28634
Converse,Converse x Play Comme des Garcons Chuck 70 Ox Black,컨버스 x 플레이 꼼데가르송 척 70 로우 블랙,23509,150206C,17/11/10,BLACK/WHITE-HIGH RISK RED,"$120 (약 146,300원)","167,000","7,314",355,https://kream.co.kr/products/23509
Jordan,(W) Jordan 1 Mid Championship Red,(W) 조던 1 미드 챔피언쉽 레드,48843,BQ6472-161,22/01/09,WHITE/POMEGRANTE-WHITE,"¥14,300 (약 142,300원)","162,000","2,890",25,https://kream.co.kr/products/48843
Adidas,Adidas Superstar Premium White Black,아디다스 슈퍼스타 프리미엄 화이트 블랙,36113,FV2831,20/01/01,FOOTWEAR WHITE/CORE BLACK/BLUE,"$100 (약 121,900원)","154,000","8,035",113,https://kream.co.kr/products/36113
New Balance,New Balance 327 Timberwolf,뉴발란스 327 팀버울프,38727,MS327HR1,21/09/09,TIMBERWOLF/GREEN,"109,000원","161,000","5,221",49,https://kream.co.kr/products/38727
Jordan,(GS) Jordan 1 Low Armory Navy,(GS) 조던 1 로우 아머리 네이비,45731,553560-411,21/11/24,ARMORY NAVY/WHITE-BLACK,"99,000원","253,000","6,548",50,https://kream.co.kr/products/45731
Yeezy,Yeezy Gap Hoodie Blue,이지 갭 후드 블루,43306,-,21/09/29,BLUE,"$90 (약 109,700원)","139,000","2,184",88,https://kream.co.kr/products/43306
Nike,(W) Nike Dunk Low Pearl White,(W) 나이키 덩크 로우 펄 화이트,42196,DD1503-110,21/09/25,WHITE/PEARL WHITE,"119,000원","144,000","5,739",115,https://kream.co.kr/products/42196
Jordan,Jordan 1 Low Court Purple 2020,조던 1 로우 코트 퍼플 2020,25975,553558-500,20/10/13,COURT PURPLE/BLACK-WHITE,"$90 (약 109,700원)","270,000","4,703",85,https://kream.co.kr/products/25975
New Balance,New Balance 327 Nimbus Cloud,뉴발란스 327 님버스 클라우드,49351,MS327WE,22/01/28,NIMBUS CLOUD/RAIN CLOUD,"119,000원","138,000","2,862",22,https://kream.co.kr/products/49351
Autry,(W) Autry Medalist Low Leather Sneakers Black White,(W) 오트리 메달리스트 로우 레더 스니커즈 블랙 화이트,48220,AULW-WB01,-,BLACK/WHITE,"$198 (약 241,500원)","274,000",432,2,https://kream.co.kr/products/48220
Essentials,Essentials The Core Collection Pullover Hoodie Black,에센셜 코어 컬렉션 풀오버 후드 블랙,46900,-,21/12/10,BLACK,"$90 (약 109,700원)","141,000","1,306",21,https://kream.co.kr/products/46900
New Balance,New Balance 2002R Gray,뉴발란스 2002R 그레이,25469,ML2002RA,20/09/04,GRAY,"169,000원","147,000","2,500",99,https://kream.co.kr/products/25469
Nike,Nike Air Force 1 '07 LV8 2 Have a Nike Day,나이키 에어포스 1 '07 LV8 2 해브 어 나이키 데이,54960,DM0118-100,22/03/18,WHITE/BLACK/DARK SULFUR/OPTI YELLOW,"139,000원","147,000","1,683",39,https://kream.co.kr/products/54960
Jordan,(GS) Jordan 1 Low SE Light Smoke Grey Gym Red,(GS) 조던 1 로우 SE 라이트 스모크 그레이 짐레드,41435,DM0589-016,21/09/14,LIGHT SMOKE GREY/GYM RED/WHITE,"109,000원","211,000","5,805",65,https://kream.co.kr/products/41435
Nike,(W) Nike Air Force 1 '07 LV8 Copy and Paste,(W) 나이키 에어포스 1 '07 LV8 카피 앤 페이스트,55306,DQ5019-100,22/03/26,WHITE/BLEACHED CORAL-CLEAR,"139,000원","142,000","1,124",14,https://kream.co.kr/products/55306
Vans,Vans Vault OG Authentic LX Red,반스 볼트 OG 어센틱 LX 레드,28264,VN0A4BV905D,20/01/01,RED/TRUE WHITE,"89,000원","103,000","2,603",69,https://kream.co.kr/products/28264
Jordan,Jordan 1 x A Ma Maniere Retro High OG SP Sail and Burgundy,조던 1 x 아 마 마니에르 레트로 하이 OG SP 세일 앤 버건디,45223,DO7097-100,21/12/04,SAIL/BURGUNDY CRUSH,"239,000원","350,000","4,495",317,https://kream.co.kr/products/45223
Nike,Nike x Sacai x Jean Paul Gaultier VaporWaffle Black White,나이키 x 사카이 x 장 폴 고티에 베이퍼와플 블랙 화이트,41580,DH9186-001,22/03/04,BLACK/BLACK/WHITE,"299,000원","500,000","1,983",81,https://kream.co.kr/products/41580
Nike,Nike Dunk Low Pro Premium Medium Curry,나이키 덩크 로우 프로 프리미엄 미디움 커리,28721,DD1390-100,21/01/28,SAIL/MEDIUM CURRY/FOSSIL,"129,000원","519,000","8,847",709,https://kream.co.kr/products/28721
Jordan,Jordan 1 x Travis Scott Retro Low OG SP Mocha,조던 1 x 트래비스 스캇 레트로 로우 OG SP 모카,21342,CQ4277-001,19/07/21,BLACK/DARK MOCHA-UNIVERSITY RED-SAIL,"159,000원","1,950,000","4,747","1,621",https://kream.co.kr/products/21342
Nike,Nike x Sacai VaporWaffle Black White,나이키 x 사카이 베이퍼와플 블랙 화이트,26197,CV1363-001,20/11/06,BLACK/SUMMIT WHITE/PURE PLATINUM,"219,000원","920,000","8,127","2,148",https://kream.co.kr/products/26197
Puma,Puma x Ader Error Vaderon White,푸마 x 아더에러 베이더론 화이트,54312,373889-01,22/03/14,WHISPER WHITE/ROCK RIDGE,"209,000원","295,000","1,935",38,https://kream.co.kr/products/54312
Nike,Nike x Sacai VaporWaffle Royal Fuchsia,나이키 x 사카이 베이퍼와플 로얄 푸시아,26022,CV1363-100,20/11/06,SAIL/SPORT FUCHSIA/LIGHT BONE/GAME ROYAL,"219,000원","840,000","6,909","1,508",https://kream.co.kr/products/26022
Jordan,(GS) Jordan 1 Low Light Smoke Grey,(GS) 조던 1 로우 라이트 스모크 그레이,26020,553560-030,20/09/30,LIGHT SMOKE GREY/GYM RED/WHITE,"99,000원","410,000",1.8만,249,https://kream.co.kr/products/26020
Nike,Nike x Matthew M Williams Zoom 004 Triple Black,나이키 x 매튜 M 윌리엄스 줌 004 트리플 블랙,33633,DC7442-001,21/05/27,BLACK,"529,000원","509,000","2,118",130,https://kream.co.kr/products/33633
Stone Island,Stone Island 12321 Nylon Metal Garment Dyed Packable Overshirt Black - 22SS,스톤 아일랜드 12321 나일론 메탈 가먼트 다이드 패커블 오버셔츠 블랙 - 22SS,51539,761512321-V0029,-,BLACK,"￡410 (약 655,800원)","580,000",241,1,https://kream.co.kr/products/51539
Nike,Nike x Stussy Windrunner Jacket Off Noir,나이키 x 스투시 윈드러너 자켓 오프 느와르,26767,CT4310-045,-,OFF NOIR,"229,000원","519,000","6,901","1,170",https://kream.co.kr/products/26767
Maison Margiela,Maison Margiela Replica Paint Drop Sneakers,메종 마르지엘라 레플리카 페인트 드롭 스니커즈,24910,S57WS0240P1892961,-,WHITE,"755,810원","413,000","2,974",360,https://kream.co.kr/products/24910
Louis Vuitton,Louis Vuitton LV Trainer Sneaker Monogram Denim Black,루이비통 LV 트레이너 스니커즈 모노그램 데님 블랙,53197,-,-,DENIM BLACK,"1,560,000원","1,780,000",378,16,https://kream.co.kr/products/53197
Saint Laurent,Saint Laurent Gold Monogram Card Case in Grain De Poudre Embossed Leather Black,생로랑 그랑 드 뿌드르 텍스처드 마틀라세 레더 골드 모노그램 카드 홀더 블랙,37306,423291-BOW01-1000,-,BLACK/GOLD,-,"318,000","1,859",9,https://kream.co.kr/products/37306
Apple,Apple iPad 9th Gen Wifi 64GB Space Gray (Korean Ver.),애플 아이패드 9세대 와이파이 64기가 스페이스 그레이 (국내 정식 발매 제품),52719,MK2K3KH/A,-,SPACE GRAY,"449,000원","442,000",225,1,https://kream.co.kr/products/52719
Chanel,Chanel Classic Card Holder Grained Calfskin & Gold Black,샤넬 클래식 카드 홀더 그레인드 카프스킨 & 골드 메탈 블랙,37431,AP0213-Y01864-C3906,-,BLACK/GOLD,"500,000원","735,000","1,195",6,https://kream.co.kr/products/37431
Mihara Yasuhiro,Maison Mihara Yasuhiro Blakey OG Sole Canvas Low-top Sneaker Black White,메종 미하라 야스히로 블레이키 OG 솔 캔버스 로우탑 스니커 블랙 화이트,46178,A08FW735-BLACK,21/12/04,BLACK,"¥33,000 (약 328,500원)","690,000",619,27,https://kream.co.kr/products/46178
Arc'teryx,Arc'teryx Beta LT Jacket Black,아크테릭스 베타 LT 자켓 블랙,42688,26844/30165,-,BLACK,"$399 (약 486,600원)","698,000",479,16,https://kream.co.kr/products/42688
Arc'teryx,Arc'teryx Atom AR Hoody Black,아크테릭스 아톰 AR 후디 블랙,42659,24105,-,BLACK,"$299 (약 364,700원)","380,000",437,28,https://kream.co.kr/products/42659
Golden Goose,Golden Goose Superstar White Silver Heel Tab Sneakers,골든구스 슈퍼스타 화이트 실버탭 스니커즈,35172,GMF00102-F000317-10273/GCOMS590-W77,-,WHITE/SILVER,-,"375,000",616,28,https://kream.co.kr/products/35172
Dior,(W) Dior Oblique Mitzah Scarf Navy Blue Silk Twill,(W) 디올 오블리크 미차 스카프 네이비 블루 실크 트윌,50407,15DOB106I600-C541,-,NAVY BLUE,"319,000원","339,000",744,6,https://kream.co.kr/products/50407
Supreme,Supreme x The North Face Summit Series Rescue Mountain Pro Jacket Black - 22SS,슈프림 x 노스페이스 서밋 시리즈 레스큐 마운틴 프로 자켓 블랙 - 22SS,55976,-,22/03/24,BLACK,"$398 (약 485,400원)","750,000",118,0,https://kream.co.kr/products/55976
Chanel,Chanel Small Classic Flap Wallet Grained Calfskin & Gold Black,샤넬 클래식 스몰 플랩 지갑 그레인드 카프스킨 & 골드 메탈 블랙,45125,AP0231-Y01864-C3906,-,BLACK/GOLD,-,"1,339,000",318,0,https://kream.co.kr/products/45125
Nike,Nike Air More Uptempo Triple White,나이키 에어 모어 업템포 트리플 화이트,10320,921948-100,17/05/27,WHITE/WHITE-WHITE,"$160 (약 195,100원)","380,000",382,57,https://kream.co.kr/products/10320
Apple,Apple Watch Nike SE 44mm GPS Space Gray Aluminum Case with Nike Sport Band Anthracite Black (Korean Ver.),애플 워치 SE 나이키 44mm GPS 스페이스 그레이 알루미늄 케이스 나이키 스포츠 밴드 앤트러사이트 블랙 (국내 정식 발매 제품),51952,MKQ83KH/A,-,ANTHRACITE/BLACK/SPACE GREY ALUMINUM,"399,000원","379,000",488,8,https://kream.co.kr/products/51952
Helinox,Helinox Tactical Cot Convertible Military Olive,헬리녹스 택티컬 코트 컨버터블 밀리터리 올리브,48886,-,-,MILITARY OLIVE,"395,000원","436,000",26,0,https://kream.co.kr/products/48886
New Balance,New Balance 2002R White Ivory,뉴발란스 2002R 화이트 아이보리,55076,M2002RAA,22/03/22,WHITE/IVORY,"169,000원","140,000",283,3,https://kream.co.kr/products/55076
Common Projects,Common Projects Original Achilles Low White,커먼 프로젝트 오리지날 아킬레스 로우 화이트,24859,1528-0506,-,WHITE,-,"282,000","1,913",116,https://kream.co.kr/products/24859
Nike,Nike Air More Uptempo 96 Copy and Paste,나이키 에어 모어 업템포 96 카피 앤 페이스트,55710,DQ5014-068,22/03/29,IRON GREY/WHITE/SMOKE GREY/ANTHRACITE,"209,000원","180,000",196,8,https://kream.co.kr/products/55710
Telfar,Telfar Small Shopping Bag Lavender,텔파 스몰 쇼핑백 라벤더,47651,-,-,LAVENDER,"$150 (약 182,900원)","235,000",196,1,https://kream.co.kr/products/47651
Jordan,Jordan 1 Mid Racer Blue,조던 1 미드 레이서 블루,36201,554724-140,21/06/10,WHITE/RACER BLUE/BLACK,"139,000원","189,000","8,650",335,https://kream.co.kr/products/36201
Jordan,Jordan Legacy 312 Low Chicago 2022,조던 레거시 312 로우 시카고 2022,54551,CD7069-116,22/03/15,WHITE/RED/BLACK,"$130 (약 158,500원)","180,000","1,283",55,https://kream.co.kr/products/54551
Nike,Nike x Sacai Blazer Low Classic Green,나이키 x 사카이 블레이저 로우 클래식 그린,35048,DD1877-001,21/06/10,MEDIUM GREY/CLASSIC GREEN/WHITE,"139,000원","200,000","6,568",550,https://kream.co.kr/products/35048
Converse,Converse Chuck 70 Hi Black,컨버스 척 70 하이 블랙,13242,162050C,18/01/02,BLACK/BLACK-EGRET,"99,000원","73,000","8,790",719,https://kream.co.kr/products/13242
Nike,(W) Nike Air Max 97 White Pure Platinum,(W) 나이키 에어맥스 97 트리플 화이트,15729,921733-100,18/07/02,WHITE/WHITE-PURE PLATINUM,"199,000원","129,000","3,637",120,https://kream.co.kr/products/15729
New Balance,New Balance 992 Made in USA Triple Black,뉴발란스 992 메이드 인 USA 트리플 블랙,33394,M992EA,21/06/15,BLACK,"259,000원","270,000","3,716",55,https://kream.co.kr/products/33394
Jordan,(GS) Jordan 1 Mid Gym Red Black White,(GS) 조던 1 미드 짐레드 블랙 화이트,32460,DJ4695-122,21/03/31,WHITE/BLACK/GYM RED,"109,000원","230,000",1.1만,282,https://kream.co.kr/products/32460
New Balance,New Balance 990v5 Made in USA Grey - D Standard,뉴발란스 990v5 메이드 인 USA 그레이 - D 스탠다드,19204,M990GL5,19/02/14,GREY,"239,000원","230,000","1,987",127,https://kream.co.kr/products/19204
Jordan,Jordan 1 Low Black Particle Grey,조던 1 로우 블랙 파티클 그레이,36597,553558-040,21/06/29,BLACK/PARTICLE GREY-WHITE,"119,000원","286,000",1.6만,518,https://kream.co.kr/products/36597
IAB Studio,IAB Studio x Yonex Sweatshirt Green,아이앱 스튜디오 x 요넥스 스웨트셔츠 그린,45853,-,21/12/06,GREEN,"99,000원","190,000","2,400",76,https://kream.co.kr/products/45853
New Balance,New Balance 878 Gray,뉴발란스 878 그레이,41279,CM878MC1,21/01/01,GRAY,"129,000원","124,000","1,811",7,https://kream.co.kr/products/41279
IAB Studio,IAB Studio Half Zip-Up Pullover Light Gray,아이앱 스튜디오 하프 집업 풀오버 라이트 그레이,27286,-,-,LIGHT GRAY,"74,000원","248,000","4,842",575,https://kream.co.kr/products/27286
Nike,Nike Air Force 1 Mid '07 WB Flax,나이키 에어포스 1 미드 '07 WB 플랙스,42229,DJ9158-200,21/10/02,FLAX/WHEAT-GUM LIGHT BROWN,"179,000원","176,000","4,238",103,https://kream.co.kr/products/42229
Jordan,(W) Jordan 1 Elevate Low SE Bred,(W) 조던 1 엘리베이트 로우 SE 브레드,50482,DQ1823-006,22/02/19,BLACK/GYM RED-SAIL,"169,000원","145,000","2,443",161,https://kream.co.kr/products/50482
Puma,Puma x AMI Hoodie Light Gray Heather,푸마 x 아미 후드 라이트 그레이 헤더,55416,534069-04,-,LIGHT GRAY HEATHER,"189,000원","179,000",149,1,https://kream.co.kr/products/55416
Vans,Vans Checkerboard Comfycush One Marshmallow,반스 체커보드 컴피쿠시 원 마시멜로우,33688,VN0A45J5Q4O,-,MARSHMALLOW/BLACK,"109,000원","89,000","1,528",46,https://kream.co.kr/products/33688
AMI,AMI de Coeur Sweatshirt Black/Noir,아미 스몰 하트 로고 스웨트셔츠 블랙/느와르,30871,BFHJ007-730-001,-,BLACK,"€170 (약 229,100원)","258,000","2,712",34,https://kream.co.kr/products/30871
IAB Studio,IAB Studio Sweatpants Oatmeal Burgundy,아이앱 스튜디오 스웨트팬츠 오트밀 버건디,53419,-,22/03/14,OATMEAL/BURGUNDY,"71,000원","95,000","1,605",28,https://kream.co.kr/products/53419
Nike,Nike Air More Uptempo Black White 2020,나이키 에어 모어 업템포 블랙 화이트 2020,26107,414962-002,20/11/13,BLACK/WHITE/BLACK,"189,000원","219,000","2,476",546,https://kream.co.kr/products/26107
New Balance,New Balance 550 White - 2E Wide,뉴발란스 550 화이트 - 2E 와이드,53777,BB550PB1,22/03/10,WHITE,"139,000원","126,000","1,014",9,https://kream.co.kr/products/53777
Nike,(PS) Nike Dunk Low Wolf Grey,(PS) 나이키 덩크 로우 울프 그레이,49925,DH9756-001,22/01/22,PURE PLATINUM/WHITE/WOLF GREY,"85,000원","88,000","3,132",60,https://kream.co.kr/products/49925
Jordan,Jordan 6 Retro Carmine 2021,조던 6 레트로 카마인 2021,28975,CT8529-106,21/02/08,WHITE/BLACK-CARMINE,"229,000원","260,000","6,393","1,088",https://kream.co.kr/products/28975
Nike,(W) Nike Air Force 1 '07 Low Triple Black,(W) 나이키 에어포스 1 '07 로우 트리플 블랙,18402,315115-038/DD8959-001,-,BLACK/BLACK-BLACK,"$90 (약 109,700원)","189,000","3,407",9,https://kream.co.kr/products/18402
IAB Studio,IAB Studio Hoodie Light Gray,아이앱 스튜디오 후드 라이트 그레이,31664,-,-,LIGHT GRAY,"72,000원","243,000","5,763",134,https://kream.co.kr/products/31664
Stussy,Stussy Fuzzy Dice T-Shirt Black,스투시 퍼지 다이스 티셔츠 블랙,50812,1904765,-,BLACK,"62,000원","71,000","1,643",6,https://kream.co.kr/products/50812
Autry,(W) Autry Medalist Low Leather Suede Sneakers White,(W) 오트리 메달리스트 로우 레더 스웨이드 스니커즈 화이트,48216,AULW-LS33,-,WHITE/WHITE,"$192 (약 234,100원)","230,000",343,1,https://kream.co.kr/products/48216
Nike,Nike x Sacai Blazer Low Iron Grey,나이키 x 사카이 블레이저 로우 아이언 그레이,38231,DD1877-002,21/07/31,IRON GREY/WHITE/WHITE,"139,000원","196,000","9,688",418,https://kream.co.kr/products/38231
Nike,Nike Air Force 1 Luxe Summit White,나이키 에어포스 1 럭스 서밋 화이트,49018,DD9605-100,22/01/13,SUMMIT WHITE/LIGHT BONE/SUMMIT WHITE,"169,000원","179,000","3,748",21,https://kream.co.kr/products/49018
New Balance,New Balance x Casablanca XC-72 Marshmallow Brilliant White,뉴발란스 x 카사블랑카 XC-72 마쉬멜로우 브릴리언트 화이트,43680,UXC72CBF,21/12/11,MARSHMALLOW/BRILLIANT WHITE,"179,000원","213,000","1,267",23,https://kream.co.kr/products/43680
Nike,Nike Dunk Low Premium Siempre Familia,나이키 덩크 로우 프리미엄 시엠프레 파밀리아,47119,DO2160-335,22/01/07,CARBON GREEN/RIFT BLUE-SAIL,"139,000원","160,000","2,044",133,https://kream.co.kr/products/47119
Nike,Nike Air Force 1 '07 LV8 Varsity Jacket White Pine Green,나이키 에어포스 1 '07 LV8 바시티 자켓 화이트 파인 그린,49586,DO5220-131,-,WHITE/PINE GREEN-SAIL-WHITE,-,"183,000","1,844",14,https://kream.co.kr/products/49586
Jordan,Jordan 1 Mid Bred Banned 2020,조던 1 미드 브레드 밴드 2020,26269,554724-074,20/11/03,BLACK/GYM RED-WHITE,"139,000원","175,000","7,660","1,166",https://kream.co.kr/products/26269
Converse,Converse Run Star Hike Hi Black White Gum,컨버스 런스타 하이크 하이 블랙 화이트 검,23422,166800C,19/12/29,BLACK/WHITE-GUM,"109,000원","82,000",1.3만,"1,816",https://kream.co.kr/products/23422
Crocs,Crocs x Beams Classic All Terrain Mountain Parka Clog Grey,크록스 x 빔즈 클래식 올 터레인 마운틴 파카 클로그 그레이,36807,207447-001,21/06/18,GREY,"¥8,580 (약 85,400원)","165,000","1,073",49,https://kream.co.kr/products/36807
New Balance,New Balance 1600 Premium Vintage Navy,뉴발란스 1600 프리미엄 빈티지 네이비,55009,CM1600VN,22/03/18,NAVY/GREY,"199,000원","189,000",822,15,https://kream.co.kr/products/55009
Nike,Nike Air Force 1 '07 LV8 Low 1 Triple Red,나이키 에어포스 1 '07 LV8 로우 트리플 레드,25688,CW6999-600,20/02/01,UNIVERSITY RED/UNIVERSITY RED,"139,000원","213,000","3,938",67,https://kream.co.kr/products/25688
Nike,(W) Nike Air Force 1 '07 LX White Pendant,(W) 나이키 에어포스 1 '07 LX 화이트 펜던트,44171,DD1525-100,21/11/04,WHITE/WHITE-METALLIC GOLD,"149,000원","199,000","2,576",47,https://kream.co.kr/products/44171
Nike,Nike Air Trainer 1 Photon Dust and Light Smoke,나이키 에어 트레이너 1 포톤 더스트 앤 라이트 스모크,56309,DM0521-001,22/04/02,PHOTON DUST/LIGHT SMOKE,"159,000원","187,000",185,0,https://kream.co.kr/products/56309
Jordan,Jordan 1 Mid Pollen,조던 1 미드 폴른,37956,554724-177,21/07/15,WHITE/POLLEN-BLACK,"139,000원","208,000","7,401",205,https://kream.co.kr/products/37956
New Balance,New Balance 1600 Premium Vintage Grey,뉴발란스 1600 프리미엄 빈티지 그레이,54623,CM1600VG,22/03/18,GREY/NAVY,"199,000원","175,000",654,33,https://kream.co.kr/products/54623
Nike,(TD) Nike Dunk Low Black,(TD) 나이키 덩크 로우 블랙,28231,CW1589-100,21/01/04,WHITE/BLACK,"59,000원","94,000","1,158",431,https://kream.co.kr/products/28231
Nike,Nike Air Force 1 '07 LV8 Athletic Club Rush Orange Washed Teal,나이키 에어포스 1 '07 LV8 애슬레틱 클럽 러쉬 오렌지 워시드 틸,49015,DH7568-800,22/01/11,RUSH ORANGE/WASHED TEAL-WHITE,"139,000원","129,000","3,921",141,https://kream.co.kr/products/49015
Nike,Nike x Off-White Dunk Low The 50 - Lot 46,나이키 x 오프화이트 덩크 로우 더 50 - 로트 46,39170,DM1602-102,21/08/16,SAIL/NEUTRAL GREY,"219,000원","505,000","8,506","1,281",https://kream.co.kr/products/39170
Jordan,(GS) Jordan 1 Retro High OG CO.JP Midnight Navy,(GS) 조던 1 레트로 하이 OG CO.JP 미드나잇 네이비,26146,575441-141,20/10/31,WHITE/METALLIC SILVER-MIDNIGHT NAVY,"139,000원","439,000",1.2만,589,https://kream.co.kr/products/26146
Nike,(W) Nike Dunk Low SE Flip,(W) 나이키 덩크 로우 SE 플립,33742,DJ4636-100,21/05/01,WHITE/VARSITY PURPLE-VARSITY MAIZE-BLACK,"139,000원","266,000","4,153",637,https://kream.co.kr/products/33742
Nike,Nike x Sacai VaporWaffle Tour Yellow & Gorge Green Sail,나이키 x 사카이 베이퍼와플 투어 옐로우 & 골지 그린 세일,26732,CV1363-700,20/12/17,TOUR YELLOW/GORGE GREEN/SAIL,"219,000원","675,000","5,247","1,281",https://kream.co.kr/products/26732
Jordan,(GS) Jordan 1 Retro High OG University Blue,(GS) 조던 1 레트로 하이 OG 유니버시티 블루,30578,575441-134,21/03/06,WHITE/UNIVERSITY BLUE/BLACK,"139,000원","500,000","7,932",724,https://kream.co.kr/products/30578
adidas Yeezy,Adidas Yeezy 500 Taupe Light,아디다스 이지 500 토프 라이트,35712,GX3605,21/06/05,TAUPE LIGHT/TAUPE LIGHT/TAUPE LIGHT,"249,000원","309,000","2,712",138,https://kream.co.kr/products/35712
Nike,Nike x Ambush Dunk High Black,나이키 x 앰부쉬 덩크 하이 블랙,26706,CU7544-001,20/12/11,WHITE/BLACK/SPRUCE AURA,"219,000원","730,000","7,427","1,694",https://kream.co.kr/products/26706
Jordan,Jordan 1 Retro High Rookie of the Year,조던 1 레트로 하이 루키 오브 더 이어,17627,555088-700,18/11/18,GOLDEN HARVEST/BLACK-SAIL,"199,000원","845,000","9,206","1,395",https://kream.co.kr/products/17627
Nike,Nike NRG Solo Swoosh Satin Bomber Jacket Light Army - Asia,나이키 NRG 솔로 스우시 사틴 봄버 자켓 라이트 아미 - 아시아,42355,DN1267-320,21/10/01,LIGHT ARMY/KUMQUAT/WHITE,"229,000원","181,000","1,849",47,https://kream.co.kr/products/42355
New Balance,New Balance x JJJJound 990v3 Olive,뉴발란스 x JJJ자운드 990v3 올리브,52322,M990JD3,22/03/22,OLIVE GREEN/GREY/WHITE,"289,000원","700,000","1,869",43,https://kream.co.kr/products/52322
Nike,Nike NRG Solo Swoosh Satin Bomber Jacket Black Kumquat - US/EU,나이키 NRG 솔로 스우시 사틴 봄버 자켓 블랙 쿰쾃 - US/EU,42357,DN1266-010,21/10/01,BLACK/KUMQUAT/WHITE,"￡169 (약 270,300원)","250,000","1,876",54,https://kream.co.kr/products/42357
Nike,Nike x Travis Scott Air Max 270 React Cactus Trails,나이키 x 트래비스 스캇 에어맥스 270 리액트 캑터스 트레일,23647,CT2864-200,20/05/29,LIGHT CREAM/DARK HAZEL-MICA GREEN-STARFISH,"209,000원","609,000","3,637",748,https://kream.co.kr/products/23647
Jordan,(W) Jordan 1 Mid Barely Rose,(W) 조던 1 미드 베얼리 로즈,31274,BQ6472-500,21/03/20,LIGHT VIOLET/WHITE/BLACK,"139,000원","229,000","6,695",116,https://kream.co.kr/products/31274
Stone Island,Stone Island 64450 Long Sleeve Crewneck Sweatshirt Black - 21SS,스톤 아일랜드 64450 롱슬리브 크루넥 스웨트셔츠 블랙 - 21SS,33722,741564450-V0029,-,BLACK,-,"339,000","2,111",31,https://kream.co.kr/products/33722
Jordan,Jordan 4 Retro Tech White,조던 4 레트로 테크 화이트,36543,CT8527-100,21/06/24,WHITE/TECH GREY/BLACK/FIRE RED,"229,000원","500,000","1,635",128,https://kream.co.kr/products/36543
New Balance,New Balance x Todd Snyder 992 Made in USA 10th Anniversary Grey Tan,뉴발란스 x 토드 스나이더 992 메이드 인 USA 10주년 그레이 탄,48661,M992TA,21/12/01,GREY/TAN,"$240 (약 292,700원)","430,000",297,6,https://kream.co.kr/products/48661
Stone Island,Stone Island 31303 Stretch Cotton Tela Paracadute Cargo Pants Black - 22SS,스톤 아일랜드 31303 스트레치 코튼 텔라 파라카듀트 카고 팬츠 블랙 - 22SS,49247,761531303-V0029,-,BLACK,"￡305 (약 487,900원)","404,000",254,9,https://kream.co.kr/products/49247
Balenciaga,Balenciaga Speed Trainer Black White 2021,발렌시아가 스피드 트레이너 블랙 화이트 2021,30753,645056W2DBQ1015,-,BLACK/WHITE,"$795 (약 969,700원)","719,000","1,206",130,https://kream.co.kr/products/30753
