rank,brand,product,price,sale_price,increase,increase_cnt,no_deli
1위,아디다스,레트로피E5-크림브라운/GV6760,"129,000원","99,900원",-,-,-
2위,뉴발란스,NBP7CS120I/M2002RAA(IVORY),"169,000원",-,1,33,3/24배송 예정
3위,푸마 셀렉트,푸마X아미크루넥-그린/534111-96,"179,000원",-,1,999,-
4위,컨버스,척70클래식블랙162058C,"95,000원",-,1,5,-
5위,와릿이즌,엔젤와펜집업후드그레이,"79,000원","47,400원",1,18,-
6위,예일,WARMUPQUILTINGJACKETBLACK,"99,000원","59,400원",1,9,-
7위,드로우핏,[드로우핏X깡스타일리스트]밴딩테이퍼드슬랙스,"60,000원","48,000원",1,3,4/22배송 예정
8위,파르티멘토,[비건레더]필드자켓블랙,"111,700원","89,900원",1,8,-
9위,후러브스아트,유니섹스세미와이드밴딩슬랙스,"54,000원","33,900원",0,1,-
10위,도프제이슨,오버핏비건레더싱글자켓,"119,000원","89,000원",1,1,4/8배송 예정
11위,라퍼지스토어,[매트블랙]버핑레더미니멀포켓블루종_MattBlack,"94,000원","69,900원",0,8,-
12위,안데르센 안데르센,스키퍼Grey,"499,000원",-,1,999,-
13위,토피,2WAY스웻후드집업(MELANGEGREY),"45,000원","42,500원",0,7,-
14위,파르티멘토,코드후드집업자켓스모크그레이,"62,000원","49,900원",0,4,-
15위,엘무드,화란세미오버가디건클라우드그레이,"94,900원","75,920원",1,14,-
16위,올투스 바스터즈,레이서퀼티드자켓[NAVY],"258,000원",-,1,21,-
17위,드로우핏,[드로우핏X깡스타일리스트]밴딩와이드슬랙스,"60,000원","48,000원",1,19,4/22배송 예정
18위,헤지스,[HISHAZZYS]네이비울폴리발마칸코트HZCO2A801N2,"319,000원","283,910원",0,16,-
19위,쿠어,울블루종(모카그레이),"189,000원","170,100원",1,2,-
20위,아디다스,BW아미-화이트/BZ0579,"139,000원",-,1,999,-
21위,와릿이즌,엔젤와펜집업후드블랙,"79,000원","47,400원",0,2,-
22위,무신사 스탠다드,오버사이즈블레이저[블랙],"71,900원",-,1,53,-
23위,제로,DeepOneTuckSweatPants[Grey],"39,000원",-,0,5,-
24위,예일,(22SS)2TONEARCHHOODIEGRAY,"79,000원","55,300원",1,213,-
25위,끌로에,여성우디플랫뮬-화이트/CHC19U18808101,"486,000원","349,000원",1,999,새벽배송 예정
26위,스톤아일랜드,남성와펜패치후드-네이비/761564151V0020,"406,000원","351,000원",1,999,새벽배송 예정
27위,무신사 스탠다드,[유아인착용상품]세미와이드히든밴딩슬랙스[블랙],"32,900원",-,1,70,-
28위,브랜디드,1931OBJECTJEANS[CROPSTRAIGHT],"78,000원","59,000원",1,37,-
29위,키르시 포켓,스포츠백팩KS[블랙],"89,000원","71,200원",0,16,-
30위,라퍼지스토어,M-1965피쉬테일숏파카_Black,"94,000원","69,000원",1,131,-
31위,브랜디드,602HARDTWISTDENIMINDIGO1WASHJEANS[RELAXSTRAIGHT],"149,000원","139,000원",1,999,3/24배송 예정
32위,럭키마르쉐,ContrastedMA-1DenimJacket(ForWOMEN)_QWPDX22132KHX,"299,000원",-,-,-,-
33위,예일,THINKPACK,"119,000원","79,000원",1,999,-
34위,쿠어,데님컷오프자켓(라이트그레이),"155,000원","139,500원",1,999,-
35위,토피,2WAY스웻후드집업(BLACK),"45,000원","42,500원",1,32,-
36위,드로우핏,오버사이즈울트렌치코트[BEIGE],"209,000원","156,700원",1,62,-
37위,바버,뷰포트왁스재킷-세이지,"570,000원",-,0,25,-
38위,뉴발란스,NBPDBF756G/ML2002R0(GREY),"149,000원",-,1,163,-
39위,메종미네드,INDIGOJACKDENIMTRUCKER,"218,000원","178,000원",0,24,-
40위,스파오,오버핏옥스포드셔츠_SPYWC12C02,"29,900원",-,1,84,-
41위,푸마 셀렉트,푸마Ⅹ아미그래픽반팔티셔츠-라이트그레이/534070-04,"109,000원",-,1,165,-
42위,라퍼지스토어,[이동휘착용][리뉴얼ver.][3M신슐레이트]오리지널M-1965피쉬테일파카_OriginalKhaki,"138,000원","99,900원",1,174,-
43위,무신사 스탠다드,[유아인착용상품]릴렉스드베이식블레이저[블랙],"71,900원",-,1,15,-
44위,에스피오나지,RayYachtParkaBlack,"129,000원","119,000원",1,43,4/6배송 예정
45위,코드그라피,[SET]YKK2-WAY테크숏자켓셋업_그레이,"127,900원","79,900원",1,897,-
46위,엘무드,화란세미오버가디건블랙,"94,900원","75,920원",1,145,4/1배송 예정
47위,리,WindbreakerKhakiGray,"260,000원",-,1,999,-
48위,메종 키츠네,22SS칠렉스티셔츠네이비GU00154KJ0010-P480,"172,000원",-,0,29,-
49위,토피,와이드데님팬츠(LIGHTBLUE),"49,000원","44,100원",1,4,-
50위,엠엔지유,오버사이즈드3버튼재킷IN블랙,"199,000원","139,300원",0,1,-
51위,알파 인더스트리,MA-1레귤러플렉스SageGreen,"249,000원",-,1,999,-
52위,아디다스,오즈위고-트리플블랙/EE6999,"129,000원","89,900원",1,999,-
53위,드로우핏,오버사이즈헤링본체크블레이저[GREY],"159,000원","127,200원",1,999,-
54위,마리떼,NEWVARSITYJACKETblue,"239,000원",-,1,999,3/24배송 예정
55위,모드나인,PunkTown-MOD4crop,"98,000원","78,400원",0,3,-
56위,에스피오나지,MillerHeavyweightCardiganDust,"132,000원","121,000원",1,22,3/30배송 예정
57위,라퍼지스토어,버핑레더오버핏블루종_Black,"94,000원","69,900원",1,6,-
58위,도프제이슨,오버핏램스킨싱글자켓,"339,000원","225,000원",1,180,-
59위,앤더슨벨,스퀘어마틴더비슈즈aaa300m(BROWN),"298,000원",-,0,36,-
60위,브랜디드,51005HISHITOMOCOLLECTIONLIGHTBLUEJEANS[RELAXSTRAIGHT],"103,000원","97,850원",1,232,3/29배송 예정
61위,티엔지티,디테쳐블후드MA-1점퍼아이보리(TNJU2E701IV),"229,000원","217,550원",1,499,-
62위,에스피오나지,AthleticTrackJacketPigeonBlue,"216,000원",-,1,340,-
63위,에스피오나지,StandardVarsityJacketPurple,"286,000원",-,0,39,-
64위,모디파이드,M1665글렌체크싱글블레이져,"135,000원","108,000원",1,9,-
65위,수아레,하운드체크스위치싱글자켓,"129,000원","96,750원",1,999,-
66위,슈펜,[핏더사이즈X슈펜]Seku-shi(세쿠시)첼시부읏츠BYTM20W12,"139,000원","125,000원",1,107,-
67위,도프제이슨,카우하이드100라이더자켓,"265,000원","225,000원",1,999,-
68위,무신사 스탠다드,테이퍼드히든밴딩크롭슬랙스[블랙],"32,900원",-,0,22,-
69위,코드그라피,[SET]YKK2-WAY테크숏자켓셋업_차콜,"127,900원","79,900원",1,3,-
70위,아디다스,[정호연착용]시티마라톤PT-베이지:네이비/D67397,"119,000원","114,900원",1,999,-
71위,무신사 스탠다드,[유아인착용상품]릴렉스드미니멀재킷[라이트베이지],"70,900원",-,1,21,-
72위,가까이 유니언즈,원턱와이드스웨트팬츠그레이,"52,000원","36,400원",1,38,-
73위,미나브,울100개버딘트렌치코트[케비어블랙],"276,000원","262,200원",0,41,-
74위,플랙,깡스타일리스트x플랙베를린K47블랙린스드,"129,000원","79,000원",1,307,-
75위,마뗑킴,BUCKLEBAGINBLACK,"94,000원",-,0,35,4/15배송 예정
76위,노스페이스,NM2DM51A_빅샷,"140,000원","126,000원",1,1,-
77위,로터프,가죽서류가방LO-0916-NV,"194,000원",-,-,-,-
78위,나이키,데이브레이크운동화CK2351-101,"199,000원","136,900원",0,75,-
79위,무신사 스탠다드,레이어드크루넥반팔티셔츠_일반기장[화이트],"13,900원",-,0,9,-
80위,폴로 랄프 로렌,커스텀핏옥스포드셔츠-화이트,"179,000원",-,1,999,-
81위,후러브스아트,유니섹스세미와이드밴딩슬랙스그레이,"54,000원","33,900원",1,324,-
82위,헌터,[WOMEN]오리지날리파인드첼시레인부츠-블랙,"190,000원",-,1,999,-
83위,비긴202,MultiPleatsBendingSlacks[OliveBeige],"108,000원","91,800원",1,42,-
84위,헤지스,[HISHAZZYS]아이보리카라집업점퍼HZJU2A802IV,"279,000원","248,310원",0,47,-
85위,엠비오,[마실재킷]미니멀셋업재킷차콜그레이(MM1811NS14),"159,000원","127,200원",1,79,-
86위,일오공칠,[10PACK]1507모노트라우져하프삭스_화이트/블랙,"24,000원","15,900원",1,28,-
87위,도프제이슨,오버핏비건레더윈드브레이커자켓(블랙),"139,000원","98,800원",1,40,-
88위,컨버스,척70클래식파치먼트162053C,"99,000원",-,1,999,-
89위,굿라이프웍스,이지와이드데님팬츠블랙,"49,000원","43,600원",1,128,-
90위,폴로 랄프 로렌,커스텀핏데님셔츠-네이비,"179,000원",-,0,63,-
91위,라퍼지스토어,헤비코튼오버럭비맨투맨_MidnightBlue,"45,000원","39,000원",0,8,-
92위,올투스 바스터즈,가먼트퍼티그자켓[NAVY],"179,000원",-,1,999,-
93위,메종미네드,STONEHENGEBOMBERBLACK,"229,000원","179,000원",-,-,-
94위,캠퍼 골프,[Women]CaddieGolfG200701-001,"358,000원",-,0,64,-
95위,매스노운,OBLIQUEINVERTEDPLEATBLOUSONMSTJK002-BK,"179,000원",-,-,-,-
96위,나이키,W데이브레이크CK2351_001,"131,000원","108,000원",1,999,-
97위,쿠어,윈드브레이커자켓(블랙),"169,000원","152,100원",1,999,-
98위,브랜디드,605HARDTWISTDENIMMOCHABROWNJEANS[RELAXSTRAIGHT],"149,000원","139,000원",1,686,3/24배송 예정
99위,쿠어,오버핏코튼트렌치코트(베이지),"189,000원","170,100원",1,999,-
100위,론트,007NavyWax,"257,000원","171,000원",1,188,-
101위,86로드,2724Washingdenimjacket(L.blue),"91,000원","67,000원",1,233,-
102위,칼하트,(J162)쇼어라인브레스에이블자켓(4컬러),"340,000원","228,000원",0,61,-
103위,폴로 랄프 로렌,헤리티지코트II스니커즈-화이트:네이비,"169,000원",-,1,999,-
104위,라퍼지스토어,시티보이빅오버옥스포드셔츠_RoyalBlue,"47,000원","42,000원",1,248,-
105위,도프제이슨,카우하이드세미오버싱글라이더자켓,"289,000원","219,000원",0,62,-
106위,엘무드,컨템포러리바시티자켓블랙,"188,000원","150,400원",1,999,4/8배송 예정
107위,일꼬르소,카키오버핏투톤볼륨롱야상IEJU2E001K2,"239,000원","219,000원",0,62,4/14배송 예정
108위,토피,와이드데님팬츠(DEEPGREY),"49,000원","44,100원",0,74,-
109위,우알롱,Signaturejoggerpants-BLACK,"62,000원",-,0,41,-
110위,브렌슨,[패키지상품]Longsleeve무지긴팔티,"47,800원","26,900원",1,53,-
111위,노스페이스,NA3BN12A하이마운틴에코아노락,"179,000원","161,100원",1,999,-
112위,컨버스,척70클래식파치먼트162062C,"95,000원",-,1,74,-
113위,내셔널지오그래픽,N214UFT901오르카스탠다드플리스집업CARBONBLACK,"109,000원","89,000원",1,28,-
114위,드로우핏,오버사이즈울트렌치코트[BLACK],"209,000원","156,700원",1,999,-
115위,이벳필드,베츠어센틱맨투맨그레이,"59,000원","35,400원",1,113,-
116위,아디다스,3S우븐트랙수트세트-블랙/GK9950,"75,000원","54,900원",1,82,-
117위,코드그라피,[SET]YKK2-WAY테크숏자켓셋업_블랙,"127,900원","79,900원",1,21,-
118위,칼하트,D89메신저백블랙/11052301,"129,000원","89,000원",1,999,-
119위,이소,에어로우샌드,"215,000원",-,0,71,-
120위,파르티멘토,코드후드집업자켓블랙,"62,000원","49,900원",1,68,3/25배송 예정
121위,엘바테게브,오스트라미니백-블랙커런트,"318,000원",-,0,83,-
122위,무신사 스탠다드,[유아인착용상품]레더코트스니커즈[화이트],"69,900원",-,1,376,-
123위,론트,077BlackCombBag,"197,000원","157,900원",1,999,-
124위,키르시,[장원영착용]위티버니집업후디[멜란지그레이],"79,000원","67,150원",1,2,-
125위,드로우핏,오버사이즈울트렌치코트[DUSTYCREAM],"209,000원","156,700원",1,999,-
126위,인템포무드,해비코튼썸홀후디:12color,"87,000원","73,900원",0,71,3/31배송 예정
127위,코드그라피,[송필드PICK][SET]헤비웨이트CGP아치로고트레이닝셋업_그레이,"97,900원","69,900원",0,77,-
128위,무신사 스탠다드,우먼즈오버사이즈블레이저[블랙],"71,900원",-,1,18,-
129위,라퍼지스토어,[리뉴얼ver.][3M신슐레이트]M-1965피쉬테일숏파카_VintageBlack,"129,000원","79,800원",0,25,-
130위,제멋,리치오버MA-1자켓블랙YHJK2269,"59,800원",-,0,73,4/5배송 예정
131위,내셔널지오그래픽,N214WFT910여성몬타나니트&다운믹스풀집업IVORY,"169,000원",-,1,651,-
132위,메트로시티,반지갑M203WF1979Z,"219,000원","153,300원",1,999,-
133위,닥터마틴,14613홀모노블랙14345001,"190,000원",-,0,68,-
134위,인사일런스,울실크블레이저BLACK,"237,000원","201,000원",0,78,-
135위,비슬로우,[오리지널스]COMFYONETUCKSELVAGEDENIMPANTSINDIGO,"89,000원","80,100원",1,55,-
136위,챔피온,[US]남성MelosoSquishSlide(BLACK)CKSO2E002BK,"59,000원","53,100원",1,176,-
137위,무신사 스탠다드,베이식긴팔티셔츠[화이트],"13,900원",-,0,9,-
138위,언에디트,ButtonTweedJacket_PB,"189,000원","151,200원",-,-,-
139위,내셔널지오그래픽,N221UJP910오거스틴오리진블로킹점퍼IVORY,"199,000원",-,0,79,-
140위,말본 골프,Tiger버킷크루넥스웨트셔츠NAVY(MAN),"299,000원",-,0,96,-
141위,아카이브앱크,flingbag(Deepsleep)_OVBAX22031BLK,"199,000원",-,0,82,-
142위,커버낫,PERTEX패커블아노락자켓블랙,"149,000원",-,1,999,-
143위,후아유,스티브보이핏오버셔츠WHYAC2225U,"49,900원","44,910원",1,999,-
144위,엄브로,AIRFORCERANGER컬러블럭아노락블랙(UN121CWT14),"159,000원",-,1,999,-
145위,라퍼지 포 우먼,[Woman]버핑레더미니멀블루종_Black,"87,000원","62,000원",1,218,-
146위,수아레,워셔블하찌니트-10COLOR,"59,000원","35,400원",0,99,3/31배송 예정
147위,엠엘비,씸볼히든후드바람막이NY(Ivory),"149,000원",-,-,-,-
148위,생로랑,모노그램634440BRM0E1000남자캐쥬얼벨트,"591,000원",-,-,-,-
149위,잇터,FACEOVERSIZEDHEAVYCARDIGAN_BROWN/PINK,"149,000원",-,-,-,-
150위,아디다스,BW아미-초크화이트/GX4558,"139,000원",-,0,124,-
151위,푸마 셀렉트,푸마X아미와이드팬츠-베이지/534068-97,"189,000원",-,0,84,-
152위,그라미치,루즈테이퍼드팬츠Olive,"119,000원",-,0,91,-
153위,예일,THINKPACK45L,"139,000원","89,000원",1,165,-
154위,닥터마틴,1B99버지니아14홀부츠블랙/11820008,"280,000원",-,0,103,-
155위,매드고트,아르더토트백_블랙MLARDBLK,"189,000원",-,0,86,-
156위,피스워커,BluishMediumBlue/NewStan,"92,000원","78,200원",1,999,-
157위,타미진스,시즈널봄버자켓(T32C1WJC12CMT1ACM),"188,000원",-,0,86,-
158위,브랜디드,1967JETBLACKJEANS[WIDESTRAIGHT],"78,000원","68,000원",0,68,-
159위,인사일런스,볼드리브하프집업BLACK,"88,000원","79,000원",1,60,-
160위,모디파이드,M1509오버핏베이지맥코트,"158,000원","127,000원",1,999,3/29배송 예정
161위,무신사 스탠다드,라이트웨이트크루삭스7팩[화이트],"17,900원",-,1,135,-
162위,나이키,모던에센셜카고조거팬츠남자트레이닝바지츄리닝DM4581-010,"119,000원","89,900원",1,179,-
163위,집시,BLACKWASHEDDENIMTRUCKER,"179,000원","139,000원",1,999,4/6배송 예정
164위,커버낫,럭비맨투맨네이비,"79,000원","63,200원",1,136,-
165위,커버낫,플리스집업자켓블랙,"69,000원","48,300원",0,7,-
166위,오베르,SWS®830g헤비웨이트스웨트셋업,"118,000원","78,000원",0,137,4/1배송 예정
167위,오니츠카타이거,GSMSD1183A803_200,"180,000원",-,0,91,-
168위,코드그라피,[송필드PICK][SET]헤비웨이트CGP아치로고트레이닝셋업_멜란지그레이,"97,900원","69,900원",0,33,-
169위,커버낫,C로고맨투맨그레이,"59,000원","47,200원",1,185,-
170위,폴로 랄프 로렌,슬림핏옥스포드스포츠셔츠-블루,"179,000원",-,0,95,-
171위,코닥,KODACOLOR가먼트다잉아노락자켓CHARCOAL,"189,000원","179,550원",0,92,-
172위,드로우핏,울블렌딩발마칸오버코트[BLACK],"209,000원","167,200원",0,88,-
173위,아일랜드슬리퍼,스웨이드토프남여공용쪼리샌들PT203SL-TPTN,"249,000원","179,000원",0,93,-
174위,무신사 스탠다드,릴렉스드베이식블레이저[라이트베이지],"71,900원",-,1,999,-
175위,론트,071Black,"197,000원","137,900원",1,999,-
176위,에이카화이트,CLOVERBAYPORTJACKET-GREEN,"129,000원","103,200원",1,816,-
177위,노스페이스,NJ3BN04J화이트라벨올레마자켓,"138,000원","124,200원",1,999,-
178위,프레리,(셋업상품)이지케어쿨링블레이저셋업(컬러선택가능),"216,000원","172,800원",0,93,-
179위,코드그라피,[송필드PICK][SET]헤비웨이트CGP아치로고트레이닝셋업_네이비,"97,900원","69,900원",1,999,-
180위,컨버스,척70빈티지캔버스화이트162056C,"99,000원","94,050원",1,230,-
181위,하 아카이브,아크블랙메신저백,"79,000원","71,100원",1,71,4/1배송 예정
182위,쿠어,오버핏울가디건(그레이),"125,000원","112,500원",1,999,-
183위,라퍼지스토어,M-1965피쉬테일숏파카_Khaki,"94,000원","69,000원",1,39,-
184위,꼼데가르송,22SS여성척테일러컨버스로우탑AZ-K111-001-1,"261,450원",-,0,123,-
185위,네스티팜,볼드스튜디오로고2PACK티셔츠10COLOR,"98,000원","33,900원",0,49,-
186위,인사일런스,울크롭랩자켓BLACK,"188,000원","169,000원",0,93,4/14배송 예정
187위,잔스포츠,빅스튜던트BLACK,"89,000원","72,700원",0,29,-
188위,우알롱,Signaturehoodzip-up-BLACK,"74,000원",-,0,104,-
189위,몬스터리퍼블릭,COMPOUNDMESSENGERBAGSERIES/메신저백,"98,000원","59,000원",0,6,-
190위,아식스,조그1002-블랙:블랙/TJG138-9090,"69,000원",-,1,42,-
191위,폴로 랄프 로렌,커스텀핏옥스포드셔츠-블루,"179,000원",-,0,150,-
192위,예일,2TONEARCHHOODIEBLACK,"79,000원","55,300원",1,208,-
193위,미나브,마블디지털프린팅팬츠[아이보리],"139,000원","132,050원",-,-,-
194위,세터,팔로오버사이즈부클가디건세이지그린,"149,000원",-,0,164,-
195위,디앤써,라인바시티나일론자켓(Navy),"210,000원","168,000원",0,101,4/13배송 예정
196위,컨셉원,072508헤링턴자켓(10072508),"148,000원","133,200원",-,-,-
197위,네이키드니스,앱솔루트백팩블랙,"94,000원","72,400원",1,999,-
198위,아르카익,bookletweedjacket_black,"189,000원","160,650원",0,98,-
199위,에스에스알엘,dualpocketmessengerbag/black,"119,000원","92,800원",0,111,-
200위,효지노리코,여름에센셜수트(네이비),"173,000원","129,000원",1,999,-
201위,내셔널지오그래픽,N221UFT903우븐후디트레이닝자켓PLAZATAUPEBEIGE,"129,000원",-,1,999,-
202위,이피티,코트_오프화이트,"129,000원",-,1,148,3/31배송 예정
203위,언아웃핏,[세트]유니섹스릴렉스무드베이직셋업베이지,"198,000원","128,700원",1,999,-
204위,낫포너드,BandingOneTuckWideDenimPants-DeepBlue,"89,000원","49,000원",0,37,-
205위,효지노리코,여름에센셜수트(차콜),"173,000원","129,000원",1,999,-
206위,엄브로,더블다이아후드아노락크림(UN121CWT25),"159,000원",-,0,109,-
207위,인사일런스 우먼,글로시타이벡블루종BROWN,"177,000원","159,000원",0,102,4/14배송 예정
208위,아디다스,포럼로우-화이트:블루/FY7756,"119,000원",-,1,732,-
209위,라퍼지스토어,[이동휘착용][리뉴얼ver.][3M신슐레이트]오리지널M-1965피쉬테일파카_VintageBlack,"138,000원","99,900원",1,364,-
210위,라퍼지스토어,시티보이빅오버워싱데님셔츠_MiddleBlue,"63,000원","49,000원",1,601,-
211위,드로우핏,오버사이즈울트렌치코트[GREYISHBEIGE],"209,000원","156,700원",0,112,-
212위,타미힐피거,아이콘플래그커프레귤러폴로티셔츠(T12C1TKT410MT1DW5),"149,000원",-,0,114,-
213위,오더플리즈,ODPL와이드데님핏내츄럴크림진,"62,000원","36,900원",1,157,-
214위,노스페이스,NP6KM61A남성써밋파워스트레치팬츠,"149,000원","127,395원",-,-,-
215위,와르,[이염없는생지]W57생지와이드데님팬츠_진청,"74,000원","49,000원",1,999,-
216위,디스이즈네버댓,T-LogoTeeWhite,"45,000원",-,0,12,-
217위,가까이 유니언즈,원턱와이드스웨트팬츠블랙,"52,000원","36,400원",1,29,-
218위,디스이즈네버댓,INTL.TeamJacketBlack,"109,000원","98,100원",1,360,-
219위,유니온블루,LAUNDRYSHIRT(SKYBLUE),"62,000원","59,000원",1,999,4/5배송 예정
220위,라퍼지스토어,오블리크미니멀트러커자켓_Beige,"99,000원","79,000원",1,234,-
221위,코드그라피,[송필드PICK][SET]CGP서클로고하프집업맨투맨셋업_멜란지그레이,"97,900원","69,900원",0,101,4/21배송 예정
222위,겐조,남성타이거크레스트울니트-다크블루/FB65PU6423TA79,"490,000원","218,000원",0,116,새벽배송 예정
223위,아식스,젤-카하나8-카키/1011B133-021,"119,000원",-,1,999,-
224위,스틸러,포그STL19GRAY,"235,000원",-,0,143,-
225위,식스핏,[깡스타일리스트x식스핏]PROJECT-NVTG,"99,000원","69,000원",0,87,4/15배송 예정
226위,커버낫,빅로고트랙자켓블랙,"119,000원","95,200원",0,139,-
227위,에스피오나지,MillerHeavyweightCardiganNavy,"132,000원","121,000원",0,113,4/15배송 예정
228위,무신사 스탠다드,[유아인착용상품]오버사이즈디태처블후드MA-1보머재킷[블랙],"119,900원",-,0,136,-
229위,아웃스탠딩,V.S.CSWEAT(OLYMPIA)_1%MELANGEGRAY,"69,000원","55,200원",0,122,-
230위,반스,올드스쿨36DX-(애너하임팩토리)-블랙:화이트/VN0A38G2PXC1,"99,000원",-,1,999,-
231위,유니폼브릿지,1960sweatshirtsnavy,"59,000원",-,1,50,-
232위,마르디 메크르디,SWEATSHIRTFLOWERMARDI_OATMEALGREEN,"75,000원",-,0,152,3/24배송 예정
233위,플랙,스티즈051로우,"129,000원","116,100원",1,999,-
234위,프레리,(세트상품)울헤링본체크블레이저셋업(CHARCOAL),"216,000원","151,200원",0,123,3/25배송 예정
235위,소버먼트,980gpigmentCUThood-chacoal-,"108,000원","64,800원",1,999,3/25배송 예정
236위,반스,스타일36뮬-(레더)트루화이트:그린밀리유/VN0A7Q5YB9F1,"85,000원",-,1,315,-
237위,캐치볼,캐치볼X이스트하버서플러스_로얄블루,"119,000원",-,1,999,-
238위,86로드,[테이퍼드핏]CHARMINGBLUECHIP,"84,000원","49,000원",1,541,-
239위,노매뉴얼,CBCPANTS-KHAKI,"119,000원",-,1,999,-
240위,하프크라이즈,테이퍼드핏데님팬츠DPT908,"59,000원",-,1,999,-
241위,핍스,에센셜메신져백블랙,"52,000원","39,500원",0,67,-
242위,아더피츠,클래식덱자켓(카키),"172,000원","119,800원",1,999,-
243위,아조바이아조,TwofoldOversizedZip-upHoodie[Charcoal],"120,000원",-,1,999,3/25배송 예정
244위,브렌슨,[패키지]와이드핏트레이닝스웨트팬츠,"66,800원","39,900원",1,27,3/29배송 예정
245위,브랜즈,로우레더러너-네이비,"159,000원","119,250원",1,999,4/7배송 예정
246위,반스,올드스쿨(캔버스)-블랙:트루화이트/VN000ZDF1WX1,"79,000원",-,1,78,-
247위,라퍼지스토어,에센셜미니멀블루종_Black,"99,000원","79,000원",1,999,-
248위,마인드브릿지,[정해인착용]고밀도순면기본반팔티셔츠_3팩MATS0101,"19,900원",-,0,19,-
249위,프라다,루나로사카본EDT100ML,"150,000원",-,-,-,-
250위,레이첼콕스,Loafer_LaineR2468f_2cm,"288,000원","148,000원",-,-,-
251위,디스커버리 익스페디션,후디드쿨링남성트레이닝자켓(O/WHITE),"149,000원",-,0,129,-
252위,커버낫,스몰어센틱로고후디집업블랙,"89,000원","71,200원",1,219,-
253위,포맨트,시그니처퍼퓸코튼메모리50ml,"62,000원","49,000원",0,150,-
254위,리,트위치로고스탠다드후드집업오트밀,"79,000원","63,000원",1,999,-
255위,플랙,노이커츠051로우,"129,000원","116,100원",1,999,-
256위,리,트위치로고스탠다드후드집업그레이,"79,000원","63,000원",0,111,-
257위,스탠드오일,OblongbagMini·오블롱백미니,"96,000원",-,1,680,-
258위,보테가베네타,공용인트레치아토지퍼카드케이스-다크모스/679843VBWD38803,"535,000원","399,000원",0,207,새벽배송 예정
259위,무신사 스탠다드,[유아인착용상품]오버사이즈MA-1보머재킷[블랙],"79,900원",-,1,856,-
260위,예일,2TONEARCHHOODIENAVY,"79,000원","55,300원",1,992,-
261위,예일,STRIPEHANDSOMEDANSHIRTBLUE,"69,000원","55,200원",1,715,-
262위,노이어,코튼실크원턱와이드팬츠(화이트),"120,000원","114,000원",-,-,-
263위,토피,와이드조거스웻팬츠(BLACK),"39,000원","37,000원",1,149,-
264위,칼하트,써멀후드집업(레인디펜더100632104078),"199,000원","119,000원",0,150,-
265위,오니츠카타이거,멕시코66212017002_0190,"140,000원",-,0,135,-
266위,무신사 스탠다드,레이어드크루넥반팔티셔츠_일반기장2팩,"25,800원",-,0,60,-
267위,파르티멘토,후드집업자켓블랙,"71,300원","57,000원",1,999,-
268위,1993스튜디오,빈티지반집업_그레이,"72,000원","57,600원",1,999,-
269위,아노블리어,오버핏크롭카라가디건[블랙],"110,500원","88,400원",1,15,3/31배송 예정
270위,아디다스,스케이트보딩파이어버드트랙재킷(젠더뉴트럴),"109,000원",-,1,999,-
271위,아조바이아조,Oversized(19)SloganWoolKnitHoodie[Mint],"138,000원","110,400원",1,999,-
272위,예일,(22ALL)2TONEARCHHOODIEGRAY,"79,000원","39,500원",0,78,-
273위,프리즘웍스,CARGOSTRINGPANTS_BLACK,"62,000원","58,900원",1,999,-
274위,무신사 스탠다드,스웨트셔츠[블랙],"20,900원",-,1,355,-
275위,아디다스,유틸리티윈드브레이커재킷-카키/GF4013,"139,000원","69,900원",1,32,-
276위,오니츠카타이거,멕시코66슬립온D528N_0101,"110,000원",-,1,999,-
277위,디스커버리 익스페디션,에센셜본딩플리스여성후드자켓(BLACK),"159,000원","111,300원",1,999,-
278위,아디다스,오즈위고W-크림브라운/GY6177,"139,000원","109,900원",1,999,-
279위,엘무드,오디너리크롭가디건블랙,"94,900원","75,920원",0,135,-
280위,예스아이씨,DenimShirtsIndigo,"109,000원",-,1,999,-
281위,뉴발란스,NBPFBS401R/M880R11(4E),"139,000원",-,0,141,-
282위,뉴발란스,NBP7CS130W/CM878NC1(IVORY),"129,000원",-,0,136,-
283위,무신사 스탠다드,슬림크롭데님팬츠[미디엄인디고],"39,900원",-,1,3,-
284위,뉴발란스,NBPDBF775N/MS327HL1(NAVY),"109,000원",-,1,999,-
285위,디스이즈네버댓,PainterPantBlack,"115,000원","103,500원",1,999,-
286위,폴로 랄프 로렌,[우먼즈]클래식핏옥스포드셔츠-화이트,"199,000원",-,0,176,-
287위,마인드브릿지,[정해인착용][SMART][COUTURE]더블트렌치코트MWCA2101,"199,000원","143,100원",0,150,-
288위,반스,어센틱44DX-(애너하임팩토리)블랙/VN0A38ENMR21,"95,000원",-,1,999,-
289위,가니송,DoubleRuffleCollarBlouse_navy,"108,000원",-,1,999,-
290위,와릿이즌,패커블라이트윈드브레이커블랙,"109,000원",-,1,999,-
291위,마르디 메크르디,RACCOONBLENDEDCARDIGANVNECK_PINKBLUE,"148,000원","118,400원",1,999,3일지연 예정
292위,무신사 스탠다드,세미와이드히든밴딩슬랙스[미디엄그레이],"32,900원",-,1,16,-
293위,메종미네드,SHAFTOVERKNITCHARCOAL,"129,000원","109,000원",1,999,-
294위,코드그라피,[SET][PERTEX]깡스타일리스트콜라보3color퍼텍스테크숏자켓셋업,"197,900원","159,000원",0,165,4/22배송 예정
295위,어나더 오피스,22SSComfyOversizedShirt(GinghamCheck),"107,000원",-,-,-,-
296위,클로브,[22SSclove]ClassicPleatedSkirt(White),"198,000원",-,0,181,-
297위,타미진스,타미뱃지후디드봄버자켓(T32C1WJC31TWT1ACM),"278,000원","194,600원",0,180,-
298위,파르티멘토,[비건레더]바시티자켓블랙,"86,900원","65,600원",0,190,3/25배송 예정
299위,피스워커,OffWhite/NewBootCut,"84,000원","58,800원",1,999,-
300위,드로우핏,모즈울오버사이즈더블블레이저[GREIGE],"169,000원","135,200원",0,152,-
301위,오키도키,[SET]22SSST01라이라스웨트셔츠&팬츠셋업-백염메란지,"99,000원","59,400원",1,999,-
302위,디스커버리 익스페디션,조거플렉스FLEX(WHITE),"109,000원",-,0,144,-
303위,커버낫,패커블윈드브레이커자켓블랙,"129,000원","103,200원",1,999,-
304위,아디다스,모던유로파트랙팬츠-블랙:화이트/GJ6745,"89,000원","64,900원",1,241,-
305위,무신사 스탠다드,릴렉스핏크루넥반팔티셔츠[화이트],"11,900원",-,1,185,-
306위,무신사 스탠다드,미니멀가디건[블랙],"69,900원","62,890원",0,218,-
307위,도프제이슨,[천연소가죽]미니멀스퀘어하드레더벨트,"43,000원","29,800원",0,208,-
308위,푸마 셀렉트,푸마X아미스몰숄더백-화이트:블랙/078907-01,"119,000원",-,0,154,-
309위,커버낫,에센셜쿨코튼2-PACK티셔츠,"49,000원","44,100원",0,123,-
310위,무신사 스탠다드,와이드히든밴딩슬랙스[미디엄그레이],"32,900원",-,1,150,-
311위,파르티멘토,[비건레더]클래식보머자켓블랙,"111,700원","89,900원",0,170,-
312위,무신사 스탠다드,[유아인착용상품]와이드히든밴딩슬랙스[블랙],"32,900원",-,0,108,-
313위,엘무드,화란세미오버가디건버터,"94,900원","75,920원",1,556,-
314위,노스페이스,NJ4FM53B남성스노우플리스자켓,"159,000원","105,735원",-,-,-
315위,지오다노,021541레이어드반팔티셔츠(2pck),"19,800원",-,1,754,-
316위,푸마 셀렉트,푸마X아미크루넥-오렌지/534111-95,"179,000원",-,0,190,-
317위,엠엘비,뉴젤리비니NY(Black),"39,000원",-,1,999,-
318위,라퍼지스토어,울니트가디건자켓_Midnightblue,"79,000원","59,000원",1,242,3/29배송 예정
319위,언더아머,컨테인듀오MD더블백1361226-001,"105,000원",-,-,-,-
320위,드로우핏,오버사이즈집업카라터틀넥니트[IVORY],"76,000원","68,400원",0,32,4/15배송 예정
321위,로맨틱무브,베이스먼트더비R21M042(BX블랙),"168,000원","124,000원",0,169,-
322위,무신사 스탠다드,[구교환착용상품]스퀘어더비슈즈[블랙],"99,900원",-,1,999,-
323위,에스피오나지,WideOfficerPantsBeige,"109,000원","100,000원",1,999,3/30배송 예정
324위,예스아이씨,RhombusWashed5PocketsDenimPantsBlue,"109,000원","98,100원",1,999,4/14배송 예정
325위,나이키,클럽맨투맨블랙,"89,000원","62,400원",1,118,-
326위,그리쉬,시그니쳐로고후드그레이,"79,000원","55,000원",1,999,-
327위,모디파이드,M#1510overtuckmaccoat(black),"158,000원","126,400원",0,221,-
328위,엠엘비,루키언스트럭쳐볼캡LA(Black),"36,000원",-,1,999,-
329위,테이크이지,(기모버전추가)솔리드옥스포드오버셔츠(스카이블루),"67,000원","40,200원",0,47,-
330위,룩캐스트,블루클레어스트라이프블라우스/BLUECLARESTRIPEBLOUSE,"108,000원","102,600원",-,-,3/31배송 예정
331위,노스페이스,NM2DM60A핫샷에어,"139,000원","125,100원",0,164,-
332위,토마스모어,TC1-TS2104하프집업스웨트-라이트그레이,"73,500원",-,0,179,-
333위,푸마 셀렉트,푸마X아미W와이드팬츠-블랙/534076-01,"179,000원",-,0,202,-
334위,마르디 메크르디 악티프,엠블럼자가드니트탑하프슬리브그레이,"118,000원","100,300원",1,999,-
335위,엄브로,J54스트레치카고팬츠블랙(UM323CPT93),"129,000원",-,0,171,-
336위,우포스,OORIGINALBLACK-조리블랙,"62,000원",-,0,220,-
337위,패블러스아카이브,우먼즈크롭베어프렌즈엠보자수맨투맨애쉬그레이(FCB3TS355W),"79,000원","39,500원",1,972,-
338위,내셔널지오그래픽,N221MPT903우븐포켓트레이닝팬츠PLAZATAUPEBEIGE,"99,000원",-,1,999,-
339위,엠엘비,빅볼청키A(BIGBALLCHUNKYA)NY(Ivory),"95,000원",-,1,444,-
340위,쿠어,탑필울라운드니트(더스티그린),"77,000원","61,600원",1,271,-
341위,세컨모놀로그,[소코도모착용][사은품증정]컨템포러리크롭필드자켓2블랙,"89,000원","69,000원",0,228,-
342위,코드그라피,유틸리티숏자켓_블랙,"84,000원","49,800원",1,97,-
343위,반스,어센틱-레드/VN000EE3RED1,"69,000원",-,1,901,-
344위,베리베인,OVERINGSMARTCARDIGAN(SANDBEIGE),"42,000원","39,900원",1,427,-
345위,모드나인,BlackStardust-MOD1w,"106,000원","95,400원",1,676,-
346위,에이카화이트,BETTERCAP-BLACK,"49,000원","44,100원",1,141,-
347위,모드나인,RustyRose-MOD7s,"99,000원","89,100원",1,999,-
348위,유니폼브릿지,m65windbreakerblack,"179,000원",-,0,209,-
349위,쿠어,멀티칼라트위드크루넥니트(그린),"132,000원","118,800원",0,165,3/30배송 예정
350위,와릿이즌,엔젤와펜가디건블랙,"89,000원","62,300원",1,136,-
351위,트래블,[3-PACK]베이직트래블러피그먼트스웨트셔츠,"150,000원","59,900원",0,185,4/5배송 예정
352위,브라운브레스,[피로pick]JEONPAHALFZIPCREWNECK-BURGUNDY,"99,000원",-,1,999,-
353위,위캔더스,WDENIMWORKPANTS(DENIM),"109,000원","98,100원",1,999,4/11배송 예정
354위,쿠어,수피마코튼슬라우치트라우져(블랙),"105,000원","94,500원",1,999,-
355위,비욘드클로젯,B.C.C.C클럽필드점퍼베이지,"208,000원","176,800원",0,209,-
356위,리,빅트위치루즈핏후디네이비,"79,000원","55,300원",1,16,-
357위,제멋,카디오버핏MA-1자켓딥그레이YHJK2319,"65,900원",-,1,399,3/31배송 예정
358위,예스아이씨,C-LogoHoodieGrey,"84,000원","58,800원",1,264,-
359위,락피쉬웨더웨어,위즐리메리제인-BLACK,"79,000원","67,150원",1,391,-
360위,페이탈리즘,[-8cm숏버전추가]#0214Moderationindigostraightfit,"83,000원","69,000원",0,59,-
361위,론트,007BlackWax,"257,000원","171,000원",0,212,3/28배송 예정
362위,프렌다,[SET]PCFTRAINNINGSET-4COLORS,"105,000원","59,750원",1,270,4/4배송 예정
363위,비슬로우,[퍼플]21FWOVERSIZEDGLOSSYPUFFERDOWNBLACK,"249,000원","174,300원",0,215,-
364위,윙스풋,BILLYMENS슬립온W830002NB-M,"139,000원","97,000원",1,999,-
365위,후아유,바시티자켓WHJJC1291U,"99,900원","89,910원",1,999,-
366위,플러키티,뉴본키튼자수와펜맨투맨,"115,000원","69,000원",0,187,-
367위,무신사 스탠다드,라운지스웨트팬츠[멜란지그레이],"25,900원",-,1,33,-
368위,라퍼지 포 우먼,[SETUP][Woman]클럽오버핏하프집업맨투맨조거셋업_MidnightBlue,"99,600원","69,800원",0,4,-
369위,컨버스,척70클래식블랙162050C,"99,000원",-,0,251,-
370위,디스커버리 익스페디션,조거플렉스FLEX(LIGHTBEIGE),"109,000원",-,0,166,-
371위,드로우핏,벌키울카라니트가디건[BLACK],"85,000원","76,500원",0,195,-
372위,무신사 스탠다드,라이트웨이트크루삭스7팩[블랙],"17,900원",-,0,108,-
373위,이너프이즈이너프,빅로고후드집업(다크그레이),"95,000원",-,-,-,-
374위,프리즘웍스,CARGOSTRINGPANTS_LIGHTGRAY,"62,000원","58,900원",1,272,-
375위,디앤써,에스닉라인밴딩팬츠(Black),"109,000원","87,200원",1,999,-
376위,블루비어드리벤지,브라이트닝페이스스크럽150ml(모공블랙헤드피지제거관리),"42,000원",-,1,41,-
377위,아조바이아조,OversizedSloganWoolKnitSweater[Lilac],"118,000원","94,400원",1,999,-
378위,스탠드오일,Bowbag·보우백,"119,000원",-,0,188,-
379위,무신사 스탠다드,릴렉스드테이퍼드히든밴딩크롭슬랙스[블랙],"32,900원",-,1,398,-
380위,아디다스,알파바운스슬라이드-블랙:화이트/BA8775,"59,000원","49,900원",1,999,-
381위,어반드레스,BUCKLEWIDEDENIMPANTSBLUE,"69,000원","37,950원",1,413,-
382위,하케쉬,JodieCardigan_Navy,"94,000원",-,1,999,-
383위,무신사 스탠다드,테이퍼드히든밴딩크롭슬랙스[미디엄그레이],"32,900원",-,1,369,-
384위,인템포무드,커브드와이드데님팬츠_크림,"107,000원","85,600원",1,999,4/6배송 예정
385위,질바이질스튜어트,[소피]블랙소프트가죽매듭포인트숄더백JLBA2E900BK,"108,000원","91,800원",1,999,-
386위,캘빈클라인 언더웨어,남성홀리데이코튼클래식5PK트렁크_NB2311WAV,"109,000원","76,500원",1,999,-
387위,인사일런스,볼드리브하프집업CREAM,"88,000원","79,000원",1,999,-
388위,커버낫,쿨코튼2-PACK티셔츠화이트,"43,000원","38,700원",1,44,-
389위,아웃스탠딩,V.S.CSWEAT(MINNESOTA)_GREEN,"69,000원","55,200원",1,269,3/29배송 예정
390위,커버낫,베이직소프트니트가디건멜란지그레이,"89,000원","62,300원",1,341,-
391위,무신사 스탠다드,쓰리턱세미벌룬슬랙스[블랙],"35,900원",-,1,295,-
392위,다이아몬드 레이라,빈티지블랙도트스트라이프셔츠S22,"65,000원","44,500원",0,192,-
393위,티엔지티,블랙오버핏립스탑윈드브레이커(TNJU2E705BK),"119,000원","113,050원",0,252,-
394위,캘빈클라인 언더웨어,남성패션웨이스트밴드트렁크3Pk_NB2729JPD,"79,000원","64,000원",1,160,-
395위,와일드띵스,LightWeightRunnerJacket-Turquoise,"139,000원","118,150원",0,197,-
396위,커버낫,베이직소프트니트가디건블랙,"89,000원","62,300원",0,190,-
397위,널디,(22SS)그라데이션엔와이트랙세트블랙,"180,000원","162,000원",0,236,-
398위,무신사 스탠다드,라운지스웨트팬츠[블랙],"25,900원",-,0,103,-
399위,제로,ClassicSweatPants[Grey],"39,000원",-,1,700,-
400위,이피티,다이브_화이트,"89,000원",-,1,999,-
401위,필로그램,워시드블루데님셔츠,"87,000원","82,650원",-,-,-
402위,코드그라피,피쉬테일레이어드후드숏자켓_블랙,"129,000원","89,900원",1,999,-
403위,아르반,2WAY스냅블루종_다크브라운,"136,000원","108,800원",0,195,3/25배송 예정
404위,엄브로,더블다이아웜업자켓머스타드(UM321CJK91),"159,000원",-,1,999,-
405위,디스이즈네버댓,RSLogoHoodieLightHeatherGrey,"95,000원","85,500원",1,999,-
406위,블론드나인,베이직니트가디건_모카,"61,300원","42,900원",1,25,3/24배송 예정
407위,예스아이씨,ArchLogoHoodieNavy,"84,000원","58,800원",1,999,-
408위,코드그라피,피쉬테일레이어드후드숏자켓_카키,"129,000원","89,900원",1,999,-
409위,조셉앤스테이시,StaceyDaytripToteCanvasMBeige,"119,800원","113,810원",0,202,-
410위,무신사 스탠다드,헤비웨이트오버사이즈후디드스웨트집업[블랙],"43,900원",-,1,68,-
411위,아이러니포르노 화이트라인,[비건스웨이드]크루얼티프리알파스웨이드자켓iro097그레이,"127,000원","59,900원",0,3,-
412위,커버낫,C로고맨투맨블랙,"59,000원","47,200원",1,999,-
413위,생로랑,공용엠보로고카드홀더-블랙/3759460U90N1000,"360,000원","198,000원",0,243,새벽배송 예정
414위,노스페이스,NJ3BM50A_남성시티트레블봄버1EX,"169,000원","114,920원",0,205,-
415위,커버낫,아치로고코치자켓세이지그레이,"129,000원","116,100원",0,205,-
416위,엄브로,에센셜후드집업블랙(UN121CFT11),"89,000원",-,0,244,-
417위,질스튜어트 맨 액세서리,[SCOTT]스캇토트백스트라이프JUBA1F903BK,"188,000원","159,800원",0,249,-
418위,세븐셀라,ss미니멀스탠다드세미와이드카고조거슬랙스Black,"89,000원","54,900원",1,286,-
419위,윙스풋,BERNMENS스니커즈W1009091OA-M,"99,000원","89,000원",1,999,-
420위,브래디백,에이번미니크로스백블랙,"158,000원",-,0,245,-
421위,엘무드,배드가이데님웨스턴셔츠워시드블루,"98,000원","88,200원",1,999,4/8배송 예정
422위,크록스,성인BAYABANDCLOGWTN(22SUCL205089),"64,900원","58,410원",1,181,-
423위,모디파이드,M1776세미오버핏워시드데님자켓,"92,000원","74,000원",0,168,-
424위,쿠어,탑필캐시미어라운드니트(블루그레이),"109,000원","87,200원",1,999,-
425위,5252 바이 오아이오아이,AUTHENTICLOGOHOODZIPUP_black,"89,000원",-,1,999,-
426위,유니폼브릿지,selvedgedenimpantsdeepindigo,"89,000원",-,0,235,4/8배송 예정
427위,반스,올드스쿨플랫폼-블랙:화이트/VN0A3B3UY281,"85,000원",-,1,999,-
428위,널디,(21FW)DNA모노그램테이프트랙탑스카이블루,"99,000원","89,000원",1,999,-
429위,브이투,7016빈티지코튼자켓_카키,"89,500원",-,-,-,-
430위,꼼데가르송 플레이,여성블랙하트와펜반팔티셔츠-화이트/P1T0632(AZT0630512),"115,000원","80,000원",1,999,새벽배송 예정
431위,오앨,TWEEDMINISKIRT_BLACK,"118,000원","112,100원",0,211,-
432위,파인드카푸어,마티백12크링클드-레드1110224,"119,000원","113,050원",0,215,3/31배송 예정
433위,알보우,바디워시로션세트패키지,"80,000원","79,000원",1,999,-
434위,빈티지헐리우드,NaturalPearlNecklace,"89,000원",-,-,-,-
435위,쿠어,탑필캐시미어라운드니트(크림),"109,000원","87,200원",1,999,-
436위,와릿이즌,엔젤아노락자켓블랙,"89,000원","62,300원",0,247,-
437위,컨버스,런스타하이크OX블랙168816C,"105,000원",-,0,204,-
438위,엘무드,오디너리크롭가디건멀티차콜,"94,900원","75,920원",0,257,-
439위,코드그라피,유틸리티레이어드후드MA-1_블랙,"129,000원","103,200원",0,203,-
440위,커버낫,세리프아치로고티셔츠화이트,"39,000원","35,100원",1,756,-
441위,반스,클래식슬립온뮬-(체커보드)블랙/화이트/VN0004KTEO11,"69,000원",-,1,584,-
442위,메종미네드,DAMAGECOLOURDYEKNITD/GREY,"109,000원","87,200원",-,-,-
443위,라퍼지스토어,울니트가디건자켓_Gray,"79,000원","59,000원",0,285,4/4배송 예정
444위,커버낫,립스탑와이드카고팬츠블랙,"99,000원",-,0,267,-
445위,모드나인,BackDoorMan2-MOD4c,"96,000원","86,400원",1,999,-
446위,라퍼지스토어,버핑레더미니멀포켓블루종_Black,"94,000원","69,900원",0,81,-
447위,마지언타이틀,올데이백01(블랙),"99,000원","94,050원",1,999,-
448위,밀리언코르,[CONA9085]+[CONA9110],"102,000원","51,000원",0,131,-
449위,86로드,[테이퍼드핏]MILDBLUECHIP,"84,000원","49,000원",1,145,-
450위,어피스오브케이크,CherryBearHoodZipup_Grey,"109,000원",-,0,220,-
